Passenger Name,Flight 1,Flight 2,Ticket Number,Ticket Issue Date,Contact,Passport,Date of Birth,Passport Expiry,Visa Number,Visa Issue Date,Visa Expiry Date,stay_duration,passenger_age
KELLY CASTILLO,"KL 163Y, 19-JUL-25, AMS  to  ACC, 09:57:45 - 17:49:11, Seat: 14B","KL 809Y, 06-JUL-25, ACC  to  MAD, 05:58:28 - 21:00:21,Seat: 27F",7348052822462,27JUL,8052954958889 / 9262463195,KF00646983,08APR1991,24MAY2032,3622335,27JUL,25NOV2028,13,34
SHANE BENNETT,"KL 483Y, 23-JUL-25, AMS  to  ACC, 03:08:58 - 15:48:58, Seat: 2F","KL 526Y, 12-JUL-25, ACC  to  NBO, 21:18:37 - 11:18:41,Seat: 38F",5696719444461,27JUL,001-991-314-5515721 / (477)447-741318560,AO67203861,10JUL1952,14AUG2030,3373142,27JUL,08FEB2029,11,73
MARTHA NGUYEN,"KL 899Y, 02-JUL-25, AMS  to  ACC, 12:15:24 - 05:48:21, Seat: 31E","KL 510Y, 26-JUL-25, ACC  to  AMS, 14:40:20 - 02:35:18,Seat: 27A",7898580171725,27JUL,2070725314 / 001-238-342-2515976,EB08477075,13MAR1979,15SEP2033,4540865,27JUL,22DEC2028,24,46
ANNA HUNT,"KL 569Y, 17-JUL-25, AMS  to  ACC, 04:33:41 - 10:44:50, Seat: 37D","KL 691Y, 21-JUL-25, ACC  to  ACC, 07:03:18 - 22:20:14,Seat: 32C",6450889754836,27JUL,(038)054-46819795 / 001-517-285-0366,TP33929048,05JAN1989,08JUN2031,5843027,27JUL,06OCT2026,4,36
NICOLE HOLMES,"KL 746Y, 08-JUL-25, AMS  to  ACC, 18:19:45 - 07:09:01, Seat: 21D","KL 248Y, 17-JUL-25, ACC  to  AMS, 02:30:28 - 17:28:25,Seat: 19F",5956039736027,27JUL,231-891-4578896 / +1-900-593-010018446,VY47689429,24NOV1987,15JUL2035,5842463,27JUL,27JAN2027,9,37
AMY GRAVES,"KL 498Y, 26-JUL-25, AMS  to  ACC, 07:45:58 - 14:48:04, Seat: 44F",nan,6280673832000,27JUL,+1-395-675-729608042 / 062-169-52950835,GO74532459,04JAN1993,02MAY2034,7283541,27JUL,01JUN2029,,32
TONYA SMITH,"KL 957Y, 23-JUL-25, AMS  to  ACC, 23:34:29 - 04:50:27, Seat: 20D","KL 223Y, 06-JUL-25, ACC  to  ACC, 05:37:10 - 16:07:17,Seat: 29C",6049260654617,27JUL,6603576231697 / 646-758-00469363,RX02512382,02FEB1979,07MAY2033,3719068,27JUL,23JUL2028,17,46
VICKIE WALKER,"KL 625Y, 12-JUL-25, AMS  to  ACC, 18:21:43 - 14:03:49, Seat: 23A","KL 311Y, 19-JUL-25, ACC  to  LOS, 11:56:20 - 18:57:00,Seat: 20F",8133647739278,27JUL,4335595326 / 3733793736,GT47087772,06FEB1955,08DEC2031,5441166,27JUL,28MAY2028,7,70
AMBER SMITH,"KL 228Y, 13-JUL-25, AMS  to  ACC, 16:52:29 - 07:38:00, Seat: 3C","KL 886Y, 05-JUL-25, ACC  to  NBO, 17:55:03 - 21:53:11,Seat: 13E",5526778127749,27JUL,(366)994-5912 / 6026804821,WL63477058,09JUL1991,17MAY2034,4061384,27JUL,04MAR2030,8,34
LAUREN HENDERSON,"KL 752Y, 05-JUL-25, AMS  to  ACC, 12:06:54 - 18:10:38, Seat: 35F","KL 730Y, 25-JUL-25, ACC  to  IAD, 03:59:09 - 14:32:43,Seat: 1A",1543823058207,27JUL,001-151-741-1523 / 2819517487511,PR87460290,15DEC1990,31AUG2031,3564857,27JUL,05DEC2026,20,34
LYNN GRAHAM,"KL 464Y, 22-JUL-25, AMS  to  ACC, 11:12:37 - 15:17:33, Seat: 40B","KL 945Y, 12-JUL-25, ACC  to  NBO, 17:35:05 - 19:01:12,Seat: 28C",2629995690902,27JUL,1312900776 / (042)058-690969350,QC39628845,21SEP1990,28OCT2032,7244761,27JUL,16NOV2028,10,34
WAYNE SHARP,"KL 564Y, 17-JUL-25, AMS  to  ACC, 12:07:51 - 19:15:09, Seat: 6C","KL 400Y, 12-JUL-25, ACC  to  ACC, 06:05:46 - 13:03:20,Seat: 27F",4485749862546,27JUL,(183)820-5309 / (927)332-8004,XZ04865628,03JUL1966,25JUN2033,8666656,27JUL,10APR2027,5,59
ANTHONY GRAY,"KL 830Y, 03-JUL-25, AMS  to  ACC, 17:19:54 - 11:12:45, Seat: 27D","KL 630Y, 21-JUL-25, ACC  to  YUL, 10:13:57 - 02:42:29,Seat: 47F",2866367103544,27JUL,001-195-002-83244444 / 001-562-187-4301,BU64800835,15OCT1992,01DEC2032,5020815,27JUL,30OCT2028,18,32
TAYLOR DICKERSON,"KL 306Y, 15-JUL-25, AMS  to  ACC, 21:15:21 - 03:10:21, Seat: 11F","KL 739Y, 26-JUL-25, ACC  to  CDG, 22:12:37 - 14:06:05,Seat: 13B",8357610622871,27JUL,725-112-4209 / (925)090-6145388,RS29210971,25MAR1953,28SEP2030,6072662,27JUL,23NOV2027,11,72
STEVEN WEAVER,"KL 137Y, 09-JUL-25, AMS  to  ACC, 12:03:42 - 06:43:36, Seat: 29D","KL 354Y, 20-JUL-25, ACC  to  YYZ, 10:50:45 - 01:10:48,Seat: 38D",4579765524548,27JUL,(792)279-5944 / +1-158-365-7230,PP33744512,23MAY1996,02MAR2031,6176256,27JUL,06JUN2028,11,29
LINDSEY JONES,"KL 182Y, 18-JUL-25, AMS  to  ACC, 17:47:14 - 09:04:19, Seat: 13F","KL 414Y, 07-JUL-25, ACC  to  BCN, 17:39:31 - 00:13:45,Seat: 29F",8756452451601,27JUL,3932132866 / (388)373-63813988,HI50081097,14AUG1965,15JUL2033,8755051,27JUL,19FEB2028,11,60
WILLIAM BAKER,"KL 176Y, 11-JUL-25, AMS  to  ACC, 22:33:58 - 02:29:29, Seat: 25C","KL 600Y, 24-JUL-25, ACC  to  NBO, 23:24:10 - 17:19:05,Seat: 37F",9036154582614,27JUL,001-835-429-602345733 / 001-931-007-55780596,GC30057484,20SEP1955,01AUG2033,9291503,27JUL,15MAY2028,13,69
LINDSEY ALI,"KL 873Y, 24-JUL-25, AMS  to  ACC, 17:08:25 - 13:21:29, Seat: 36D",nan,6375530721489,27JUL,(654)580-3513 / 001-491-096-7268740,XW13594368,18FEB1983,16JUN2033,7747641,27JUL,07SEP2026,,42
ALEJANDRO AUSTIN,"KL 858Y, 01-JUL-25, AMS  to  ACC, 05:32:24 - 22:45:31, Seat: 35C",nan,6233644193301,27JUL,001-898-376-921996623 / +1-933-826-2765027,DI37946347,04OCT1967,12MAY2031,1465742,27JUL,10JAN2030,,57
DOUGLAS BENSON,"KL 378Y, 08-JUL-25, AMS  to  ACC, 10:12:30 - 09:02:06, Seat: 18F","KL 516Y, 26-JUL-25, ACC  to  LHR, 15:43:33 - 00:04:14,Seat: 32B",2239273429937,27JUL,(665)945-96939638 / 898-198-02212923,IT56784637,05NOV2004,05JAN2032,9813341,27JUL,17MAR2027,18,20
BRETT BRANCH,"KL 957Y, 16-JUL-25, AMS  to  ACC, 03:11:59 - 12:03:25, Seat: 50A","KL 331Y, 09-JUL-25, ACC  to  DXB, 17:34:48 - 17:24:34,Seat: 39B",5777005360139,27JUL,(620)036-1628 / 257-114-5723,YY38690488,25JUL2003,13JUN2035,9034822,27JUL,13AUG2027,7,22
JOHN NOBLE,"KL 440Y, 07-JUL-25, AMS  to  ACC, 22:53:29 - 02:53:41, Seat: 37E","KL 117Y, 02-JUL-25, ACC  to  NBO, 17:42:37 - 12:45:19,Seat: 8A",8623419908010,27JUL,(887)338-116253762 / (698)332-0299,DD73137100,18NOV1979,23NOV2030,4220990,27JUL,19MAY2030,5,45
CHRIS KING,"KL 188Y, 10-JUL-25, AMS  to  ACC, 02:48:26 - 15:38:52, Seat: 1A",nan,6329419246894,27JUL,745-226-23833763 / 095-346-39609773,KI34588310,30DEC1978,03DEC2033,5933742,27JUL,17DEC2028,,46
EDWIN PORTER,"KL 986Y, 22-JUL-25, AMS  to  ACC, 02:37:06 - 11:41:56, Seat: 16C","KL 525Y, 04-JUL-25, ACC  to  MAD, 00:58:28 - 11:52:58,Seat: 12D",7197014955087,27JUL,5177429572516 / (119)169-277844871,IJ01757839,24APR1958,03MAR2032,7751470,27JUL,12JUN2029,18,67
ANTHONY HART,"KL 465Y, 18-JUL-25, AMS  to  ACC, 09:25:30 - 22:41:01, Seat: 14D","KL 943Y, 20-JUL-25, ACC  to  DXB, 07:34:18 - 01:26:56,Seat: 6B",8613159486415,27JUL,(835)317-6711 / +1-102-952-7155897,VI67468099,01FEB1990,24DEC2032,5568446,27JUL,27DEC2026,2,35
VALERIE VEGA,"KL 793Y, 22-JUL-25, AMS  to  ACC, 19:53:04 - 11:26:28, Seat: 10F",nan,1640459428822,27JUL,2014404753 / 001-882-212-1267,VD07672855,05FEB1998,17FEB2035,1337054,27JUL,22JUN2030,,27
CHRISTOPHER BENTON,"KL 346Y, 14-JUL-25, AMS  to  ACC, 04:53:36 - 04:40:11, Seat: 30D",nan,5118327227770,27JUL,4923218330 / (309)466-3105,MO90947953,19NOV1998,08APR2033,6926877,27JUL,07MAR2029,,26
BRENDAN WILLIAMS,"KL 968Y, 03-JUL-25, AMS  to  ACC, 19:08:21 - 15:12:15, Seat: 43C","KL 682Y, 13-JUL-25, ACC  to  ACC, 04:37:25 - 05:51:03,Seat: 12D",2793032556930,27JUL,(869)810-4652 / (633)674-68983553,BC12275503,29NOV2001,23APR2033,8191670,27JUL,21DEC2027,10,23
WANDA REYNOLDS,"KL 285Y, 03-JUL-25, AMS  to  ACC, 00:45:11 - 19:05:29, Seat: 23E","KL 214Y, 17-JUL-25, ACC  to  NBO, 12:29:07 - 01:39:29,Seat: 27E",8876474858409,27JUL,(952)474-4991 / 7387627981,JE68654274,17JUN1967,11JUN2035,6588495,27JUL,02JUN2028,14,58
DANIEL HUGHES,"KL 156Y, 06-JUL-25, AMS  to  ACC, 16:24:45 - 18:03:50, Seat: 18E","KL 689Y, 12-JUL-25, ACC  to  BCN, 07:27:40 - 06:24:06,Seat: 35A",7313807378032,27JUL,853-767-9657 / 001-597-238-482380446,YO36345301,09NOV1959,14APR2033,8617308,27JUL,11SEP2029,6,65
HEATHER ROBINSON,"KL 522Y, 12-JUL-25, AMS  to  ACC, 03:07:23 - 09:49:34, Seat: 44A","KL 398Y, 08-JUL-25, ACC  to  SFO, 01:38:19 - 19:54:51,Seat: 39B",9028264485165,27JUL,1933824157 / 9026980365,NF74127793,22JAN1998,22MAR2033,4735291,27JUL,14SEP2028,4,27
LUCAS BRIGHT,"KL 892Y, 19-JUL-25, AMS  to  ACC, 11:36:31 - 05:38:02, Seat: 44D","KL 225Y, 07-JUL-25, ACC  to  CDG, 06:55:39 - 08:41:40,Seat: 38F",2093984937355,27JUL,001-019-504-132864235 / (388)670-2349,JL83561061,01DEC1992,28DEC2030,4905935,27JUL,03MAY2027,12,32
KENNETH MOORE,"KL 904Y, 27-JUL-25, AMS  to  ACC, 00:14:08 - 15:05:46, Seat: 25F",nan,7634997323062,27JUL,(619)193-4514489 / 3499297916,NR97622850,13SEP1988,05JAN2032,4898928,27JUL,10JUN2028,,36
COREY WILCOX,"KL 477Y, 04-JUL-25, AMS  to  ACC, 06:50:29 - 08:44:06, Seat: 12B","KL 195Y, 19-JUL-25, ACC  to  JFK, 05:48:49 - 08:12:35,Seat: 34F",8099683143367,27JUL,9035992016 / (701)097-9172094,EJ14397281,04AUG1991,19MAY2035,1545885,27JUL,15JAN2029,15,34
KARA ENGLISH,"KL 506Y, 13-JUL-25, AMS  to  ACC, 10:38:58 - 17:49:57, Seat: 16B","KL 990Y, 16-JUL-25, ACC  to  FRA, 17:25:28 - 03:27:54,Seat: 25E",4726116238869,27JUL,190-920-891262659 / (644)140-623209951,JM31863927,20NOV1961,20SEP2033,1030397,27JUL,18OCT2029,3,63
CARRIE FLETCHER,"KL 371Y, 02-JUL-25, AMS  to  ACC, 18:37:56 - 16:14:24, Seat: 40E","KL 615Y, 18-JUL-25, ACC  to  CDG, 11:30:55 - 02:53:41,Seat: 12F",6756781710505,27JUL,(080)780-25818008 / 6438530169,XN25026933,28JAN1979,25APR2035,4195160,27JUL,23JUN2027,16,46
SARAH SHAW,"KL 674Y, 21-JUL-25, AMS  to  ACC, 15:52:39 - 14:11:39, Seat: 9E","KL 425Y, 02-JUL-25, ACC  to  FRA, 16:11:02 - 04:08:17,Seat: 44B",2146768199100,27JUL,7440784074 / (543)285-0635051,LS69388186,07DEC1977,09AUG2032,1274748,27JUL,27APR2030,19,47
JEREMIAH AYERS,"KL 298Y, 13-JUL-25, AMS  to  ACC, 18:41:06 - 06:17:22, Seat: 26B","KL 887Y, 12-JUL-25, ACC  to  LOS, 17:56:48 - 19:27:03,Seat: 19C",2082066575345,27JUL,001-351-397-0763665 / 728-962-0196696,RC82923996,05SEP1972,23MAR2032,9996894,27JUL,10DEC2027,1,52
JEANNE BRYANT,"KL 817Y, 21-JUL-25, AMS  to  ACC, 10:07:31 - 07:01:23, Seat: 23E","KL 978Y, 11-JUL-25, ACC  to  LOS, 12:13:16 - 17:36:24,Seat: 42A",3620414832000,27JUL,3804937903 / 2102367015,IO65359543,09JAN1997,30MAR2033,6921819,27JUL,18JUN2030,10,28
DOMINIC WHITAKER,"KL 960Y, 22-JUL-25, AMS  to  ACC, 21:43:24 - 11:34:00, Seat: 13D","KL 657Y, 12-JUL-25, ACC  to  SFO, 19:16:17 - 02:32:45,Seat: 38E",7211650111397,27JUL,001-150-008-8213756 / +1-399-020-505049057,SV17909355,06JAN1985,22SEP2031,1924326,27JUL,03OCT2027,10,40
MARTIN GOULD,"KL 125Y, 10-JUL-25, AMS  to  ACC, 18:56:17 - 04:25:55, Seat: 4D","KL 279Y, 21-JUL-25, ACC  to  NBO, 20:27:33 - 05:40:29,Seat: 34A",6109308508399,27JUL,97818206112986 / 001-095-972-74168528,YX84496356,20JUN1989,27AUG2034,3621869,27JUL,19MAY2027,11,36
LAURA HODGE,"KL 578Y, 22-JUL-25, AMS  to  ACC, 18:19:47 - 19:49:09, Seat: 28E",nan,9507487859332,27JUL,001-142-925-611874448 / (469)929-33736210,HH86128591,07SEP1998,10FEB2031,1110941,27JUL,30OCT2026,,26
PENNY BALLARD,"KL 612Y, 10-JUL-25, AMS  to  ACC, 10:35:45 - 20:55:40, Seat: 32F","KL 542Y, 02-JUL-25, ACC  to  YYZ, 08:13:35 - 11:43:08,Seat: 37C",8314324761809,27JUL,1606336551713 / +1-132-366-5791,WY76433654,22DEC1972,05MAY2033,5776160,27JUL,01NOV2029,8,52
KELLY ESTRADA,"KL 406Y, 25-JUL-25, AMS  to  ACC, 04:26:34 - 03:53:52, Seat: 14F","KL 436Y, 07-JUL-25, ACC  to  LHR, 10:37:26 - 21:58:03,Seat: 39A",6281609312003,27JUL,+1-895-794-06009565 / +1-958-214-2006,FC33287181,29OCT1960,30AUG2031,6559256,27JUL,06JAN2030,18,64
ROBERT ALLEN,"KL 233Y, 14-JUL-25, AMS  to  ACC, 12:16:58 - 16:12:50, Seat: 46D","KL 888Y, 26-JUL-25, ACC  to  SFO, 23:22:56 - 16:58:50,Seat: 34A",2812765414757,27JUL,(211)131-2727 / +1-397-744-3273489,JD53529889,19MAY2001,06AUG2033,3157580,27JUL,30JUN2030,12,24
TINA LOWE,"KL 878Y, 20-JUL-25, AMS  to  ACC, 07:13:26 - 21:34:46, Seat: 17B","KL 500Y, 13-JUL-25, ACC  to  ACC, 09:17:59 - 05:53:17,Seat: 18E",4975394001742,27JUL,068-467-2705672 / 605-068-75456145,KC60587994,03JAN1963,04MAR2031,8796306,27JUL,13DEC2028,7,62
JESSICA FISCHER,"KL 124Y, 11-JUL-25, AMS  to  ACC, 13:58:45 - 19:46:53, Seat: 5E","KL 886Y, 11-JUL-25, ACC  to  NBO, 17:22:21 - 16:15:49,Seat: 11E",1787645279696,27JUL,2606858365 / 370-420-3429,XS10042764,13SEP1992,17FEB2031,5598957,27JUL,06JUL2027,0,32
KAREN MATHIS,"KL 148Y, 20-JUL-25, AMS  to  ACC, 12:28:36 - 13:53:31, Seat: 39C","KL 258Y, 06-JUL-25, ACC  to  NBO, 12:42:13 - 03:51:53,Seat: 6C",4010852474172,27JUL,+1-917-875-82761358 / 695-864-32299820,QC89582188,15FEB1994,23JUN2033,4352588,27JUL,01JAN2030,14,31
SABRINA BAIRD,"KL 453Y, 02-JUL-25, AMS  to  ACC, 20:24:33 - 14:07:54, Seat: 40D",nan,3215474247364,27JUL,(374)740-2916 / (738)078-4060,XM40523876,26NOV1992,04OCT2033,6186955,27JUL,17JUN2030,,32
MATTHEW WILSON,"KL 417Y, 27-JUL-25, AMS  to  ACC, 22:00:40 - 08:21:22, Seat: 36D","KL 909Y, 21-JUL-25, ACC  to  FRA, 14:33:15 - 20:52:28,Seat: 32B",5656858117955,27JUL,(111)615-109887736 / 8348229757519,WL77258083,11MAY1966,17FEB2032,7444347,27JUL,07FEB2027,6,59
AARON MARTINEZ,"KL 883Y, 27-JUL-25, AMS  to  ACC, 15:00:57 - 07:50:16, Seat: 23D","KL 777Y, 26-JUL-25, ACC  to  SFO, 22:24:38 - 09:42:08,Seat: 22D",4058981953020,27JUL,001-001-767-513990623 / (856)813-71413373,ZO62450535,20FEB1950,24JAN2033,8837581,27JUL,21NOV2026,1,75
PATRICIA MILLER,"KL 780Y, 08-JUL-25, AMS  to  ACC, 05:22:04 - 00:27:57, Seat: 41D",nan,6778270429877,27JUL,630-183-4888511 / 001-008-609-7489966,JU58685164,11OCT1975,27OCT2032,4035566,27JUL,07MAR2028,,49
JOHN RODRIGUEZ,"KL 588Y, 15-JUL-25, AMS  to  ACC, 16:12:12 - 21:27:45, Seat: 27C","KL 972Y, 27-JUL-25, ACC  to  CDG, 00:13:07 - 05:24:59,Seat: 20F",9098541722437,27JUL,298-845-3669 / 464-849-9589224,CC90316666,15SEP1995,24SEP2034,3520403,27JUL,07SEP2029,12,29
MARGARET YANG,"KL 998Y, 09-JUL-25, AMS  to  ACC, 20:44:10 - 03:34:52, Seat: 20C","KL 624Y, 17-JUL-25, ACC  to  ACC, 04:34:32 - 22:45:00,Seat: 32F",5466305539185,27JUL,+1-134-593-78898128 / (493)880-051713637,OP02218063,10SEP1954,22MAY2033,4410063,27JUL,19MAY2028,8,70
RICKY LEWIS,"KL 708Y, 08-JUL-25, AMS  to  ACC, 00:08:54 - 04:21:34, Seat: 14D","KL 523Y, 26-JUL-25, ACC  to  SFO, 05:00:54 - 06:15:07,Seat: 2F",2166109478535,27JUL,6060025371 / +1-627-396-09083294,OI15271354,18MAY1992,28JAN2033,9588720,27JUL,12OCT2027,18,33
MICHAEL CARRILLO,"KL 269Y, 24-JUL-25, AMS  to  ACC, 15:44:47 - 16:16:31, Seat: 34D","KL 281Y, 11-JUL-25, ACC  to  CDG, 10:09:34 - 12:54:34,Seat: 31E",9369062723483,27JUL,+1-476-848-004188916 / +1-591-574-11405232,XT13360064,02JUN1995,26NOV2034,6814042,27JUL,20MAY2027,13,30
MELVIN MILLER,"KL 754Y, 20-JUL-25, AMS  to  ACC, 01:53:35 - 05:33:07, Seat: 21E","KL 217Y, 12-JUL-25, ACC  to  DXB, 13:39:20 - 16:42:57,Seat: 48D",5794435311837,27JUL,449127173882110 / +1-008-367-1416,RE50340203,13JUN1964,11JUN2031,3551443,27JUL,04SEP2028,8,61
ASHLEY CHARLES,"KL 308Y, 17-JUL-25, AMS  to  ACC, 02:20:48 - 08:47:56, Seat: 14C","KL 678Y, 19-JUL-25, ACC  to  IAD, 06:03:45 - 07:00:26,Seat: 19E",8843230746940,27JUL,(383)175-1375 / (571)505-3847247,PO75794158,05SEP1995,05AUG2033,8284731,27JUL,31JUL2026,2,29
CHRISTINE LAMBERT,"KL 837Y, 16-JUL-25, AMS  to  ACC, 02:59:30 - 03:53:45, Seat: 34F","KL 646Y, 19-JUL-25, ACC  to  NBO, 03:01:16 - 03:00:36,Seat: 48F",9251244372638,27JUL,185-473-7806 / 068050655104152,EJ36838396,06OCT1987,09JAN2031,3493315,27JUL,21DEC2027,3,37
TERRI NUNEZ,"KL 495Y, 06-JUL-25, AMS  to  ACC, 23:25:19 - 03:15:52, Seat: 19C","KL 234Y, 07-JUL-25, ACC  to  IAD, 07:28:05 - 07:00:36,Seat: 35E",1466252177706,27JUL,707-599-16190053 / 205-458-11193524,LW36329057,17OCT1994,08MAY2035,4346299,27JUL,11JAN2028,1,30
SHAWN YODER,"KL 302Y, 10-JUL-25, AMS  to  ACC, 09:21:55 - 18:59:32, Seat: 50C","KL 507Y, 18-JUL-25, ACC  to  LOS, 05:14:20 - 13:05:14,Seat: 14B",3310797569384,27JUL,(508)961-24177339 / 375-182-1285,JM11967949,01JUN1994,05JUL2032,1310962,27JUL,24SEP2027,8,31
CHARLES YOUNG,"KL 843Y, 20-JUL-25, AMS  to  ACC, 15:13:57 - 13:23:43, Seat: 36F","KL 564Y, 19-JUL-25, ACC  to  FRA, 13:47:14 - 12:56:55,Seat: 7E",8462137454083,27JUL,0289535689903 / 5616487425017,YJ77327421,27JAN1983,18MAY2031,9734245,27JUL,25NOV2028,1,42
SUSAN SMITH,"KL 452Y, 13-JUL-25, AMS  to  ACC, 02:24:29 - 00:29:35, Seat: 24A","KL 479Y, 18-JUL-25, ACC  to  NBO, 03:34:46 - 19:40:13,Seat: 4F",4247648348575,27JUL,(358)114-1752 / 4313618952,VS28481159,14DEC1968,10DEC2030,6232811,27JUL,21SEP2027,5,56
JAMES STRICKLAND,"KL 801Y, 07-JUL-25, AMS  to  ACC, 03:36:54 - 13:47:16, Seat: 18E","KL 719Y, 25-JUL-25, ACC  to  CDG, 00:13:48 - 22:46:22,Seat: 50B",8565397862907,27JUL,(767)591-7941 / 323-988-9560,SJ41826918,03JAN1969,25MAY2034,1809922,27JUL,02SEP2029,18,56
LAURA FOX,"KL 875Y, 13-JUL-25, AMS  to  ACC, 19:11:26 - 23:40:26, Seat: 14B","KL 486Y, 09-JUL-25, ACC  to  AMS, 19:20:10 - 15:43:53,Seat: 46C",9883942810166,27JUL,(388)266-0435 / 6323085783,HN21482669,03MAR1985,04MAR2031,5309610,27JUL,16JUL2029,4,40
LAWRENCE CLEMENTS,"KL 553Y, 04-JUL-25, AMS  to  ACC, 06:16:59 - 03:08:29, Seat: 17A","KL 837Y, 24-JUL-25, ACC  to  SFO, 13:41:40 - 06:07:30,Seat: 20E",6588839786098,27JUL,+1-067-123-4011 / 8258643561441,HC26722222,16FEB1971,19SEP2034,1003274,27JUL,15MAR2029,20,54
CHRISTOPHER YOUNG,"KL 262Y, 11-JUL-25, AMS  to  ACC, 12:04:29 - 09:42:35, Seat: 18F","KL 148Y, 08-JUL-25, ACC  to  AMS, 01:22:30 - 07:07:20,Seat: 19A",5046623021728,27JUL,(513)468-3409660 / 001-154-882-70656093,QJ77933956,15DEC1967,26AUG2031,5881202,27JUL,09JUN2027,3,57
DAVID SANCHEZ,"KL 437Y, 19-JUL-25, AMS  to  ACC, 13:21:52 - 21:58:59, Seat: 4D",nan,5087793558424,27JUL,+1-409-705-2050 / (656)843-1746325,RK83297802,18DEC1953,17APR2032,1815046,27JUL,09JUN2027,,71
DOMINIC PRUITT,"KL 452Y, 16-JUL-25, AMS  to  ACC, 10:45:24 - 17:08:30, Seat: 5A","KL 296Y, 08-JUL-25, ACC  to  NBO, 23:09:36 - 08:47:34,Seat: 48A",3286800208157,27JUL,(459)997-0063 / +1-624-140-760373721,QL83664136,16AUG1952,06MAR2034,9111713,27JUL,27SEP2026,8,73
MARGARET BRIGGS,"KL 526Y, 04-JUL-25, AMS  to  ACC, 23:44:30 - 06:25:00, Seat: 35D",nan,7755341160301,27JUL,001-108-244-8308 / 852-827-8256195,LI96724504,25AUG1966,06APR2033,9081621,27JUL,19FEB2030,,58
FRANK MULLINS,"KL 373Y, 16-JUL-25, AMS  to  ACC, 22:22:38 - 16:11:57, Seat: 4A","KL 985Y, 17-JUL-25, ACC  to  BCN, 06:50:23 - 15:28:29,Seat: 4E",2540773034998,27JUL,310-429-1599551 / 8672218290212,OQ71601881,25APR1960,17OCT2030,3092132,27JUL,17FEB2028,1,65
ANDREW PORTER,"KL 434Y, 11-JUL-25, AMS  to  ACC, 18:52:57 - 16:19:08, Seat: 49B","KL 250Y, 01-JUL-25, ACC  to  BCN, 01:28:07 - 09:48:59,Seat: 40A",5815571460603,27JUL,(400)616-4560 / 371-804-3866,QW86660517,14NOV1966,29AUG2030,9981359,27JUL,07DEC2028,10,58
JASON MASSEY,"KL 753Y, 08-JUL-25, AMS  to  ACC, 20:35:37 - 02:01:09, Seat: 5F","KL 998Y, 20-JUL-25, ACC  to  ACC, 23:53:37 - 13:35:16,Seat: 12C",5197593801440,27JUL,932-683-56689768 / (958)839-85764783,TH63357465,09OCT2002,25FEB2031,6624280,27JUL,21MAY2028,12,22
EMILY MASON,"KL 663Y, 23-JUL-25, AMS  to  ACC, 07:33:36 - 01:19:21, Seat: 21F","KL 180Y, 04-JUL-25, ACC  to  BCN, 08:45:15 - 10:02:06,Seat: 14B",4623267423132,27JUL,1084169637 / 9611126970,AK80965901,23JUL1967,25JUN2033,2386874,27JUL,15JUN2027,19,58
JOSHUA AGUIRRE,"KL 918Y, 24-JUL-25, AMS  to  ACC, 01:23:07 - 16:25:38, Seat: 23C","KL 605Y, 03-JUL-25, ACC  to  BCN, 05:40:04 - 01:59:50,Seat: 41B",4676873520680,27JUL,001-378-934-61529909 / 1726888233242,KE89107503,20JUL1977,23JAN2035,7154131,27JUL,25APR2027,21,48
SEAN ROCHA,"KL 823Y, 09-JUL-25, AMS  to  ACC, 07:47:24 - 15:47:54, Seat: 45F","KL 934Y, 21-JUL-25, ACC  to  IAD, 09:58:37 - 21:46:10,Seat: 22A",4353640639741,27JUL,001-457-304-9249414 / 14891664849838,FO95813899,25APR1987,22FEB2032,3884193,27JUL,31OCT2029,12,38
KEVIN HERRING,"KL 482Y, 08-JUL-25, AMS  to  ACC, 17:54:31 - 08:07:39, Seat: 33F","KL 614Y, 19-JUL-25, ACC  to  LOS, 06:32:12 - 07:43:11,Seat: 46B",2789169347313,27JUL,001-486-256-7451885 / (981)172-5732,DF41923736,02FEB1994,10FEB2032,9064605,27JUL,27MAY2030,11,31
MICHAEL EDWARDS,"KL 336Y, 24-JUL-25, AMS  to  ACC, 02:10:19 - 01:23:47, Seat: 19C","KL 755Y, 04-JUL-25, ACC  to  SFO, 06:29:51 - 18:00:59,Seat: 3A",6301865507492,27JUL,001-222-119-7901 / (958)908-0707880,VI64406265,12OCT1950,19MAY2031,8822438,27JUL,20JUL2029,20,74
JASMINE ATKINS,"KL 587Y, 25-JUL-25, AMS  to  ACC, 12:06:05 - 11:12:59, Seat: 22C","KL 669Y, 21-JUL-25, ACC  to  AMS, 01:43:44 - 12:07:13,Seat: 10B",3771172426430,27JUL,(042)233-92157741 / 847-778-6416,HL13275198,14FEB1971,18MAY2034,8669257,27JUL,15DEC2028,4,54
AMANDA MCNEIL,"KL 344Y, 02-JUL-25, AMS  to  ACC, 15:18:08 - 02:40:50, Seat: 12A","KL 751Y, 04-JUL-25, ACC  to  SFO, 15:31:22 - 02:03:18,Seat: 49B",5846366468590,27JUL,9706910476732 / 1271595922,AB17199659,22AUG1962,06MAR2034,8350386,27JUL,09SEP2026,2,62
DANIELLE SMITH,"KL 666Y, 24-JUL-25, AMS  to  ACC, 15:50:04 - 00:36:27, Seat: 24E","KL 264Y, 19-JUL-25, ACC  to  NBO, 21:08:16 - 17:14:09,Seat: 30A",6648085244826,27JUL,001-759-248-6203 / 902-588-49179049,GB03135841,13AUG1963,01FEB2034,8176033,27JUL,23OCT2027,5,62
JONATHON JOHNSON,"KL 220Y, 06-JUL-25, AMS  to  ACC, 09:30:35 - 17:42:02, Seat: 20B","KL 218Y, 18-JUL-25, ACC  to  FRA, 20:30:59 - 07:37:26,Seat: 20D",6768925905755,27JUL,(547)317-077631475 / 944475378669646,BJ92584391,06JUN2000,03MAY2031,6130787,27JUL,01JUL2028,12,25
STACY ROSS,"KL 341Y, 15-JUL-25, AMS  to  ACC, 02:01:33 - 00:28:52, Seat: 25D","KL 689Y, 20-JUL-25, ACC  to  MAD, 07:00:29 - 09:11:28,Seat: 35D",9514611685840,27JUL,+1-821-451-0247704 / (329)664-686393429,YJ93321198,24MAR2002,02DEC2031,3790753,27JUL,02JUL2027,5,23
JILLIAN RYAN,"KL 330Y, 05-JUL-25, AMS  to  ACC, 07:49:11 - 11:59:51, Seat: 3C",nan,1585199192929,27JUL,(235)090-5023 / 756-512-7509,UR02100260,07OCT1984,07DEC2034,2675476,27JUL,02JUN2028,,40
ALEXANDER PORTER,"KL 773Y, 17-JUL-25, AMS  to  ACC, 07:43:51 - 22:51:38, Seat: 7A","KL 116Y, 20-JUL-25, ACC  to  NBO, 14:16:28 - 13:27:19,Seat: 26B",8811002240378,27JUL,(651)837-94830194 / 471-698-4197851,XJ55497691,02JUL1998,22MAR2032,7575459,27JUL,12OCT2028,3,27
STEPHANIE CASTRO,"KL 993Y, 07-JUL-25, AMS  to  ACC, 15:22:33 - 20:00:35, Seat: 47D","KL 573Y, 19-JUL-25, ACC  to  ACC, 12:33:31 - 15:28:38,Seat: 3C",5899991982739,27JUL,+1-233-934-667739999 / 704-381-17615474,HU87309066,09MAR1958,02APR2035,5291962,27JUL,09JUL2029,12,67
KIRSTEN MITCHELL,"KL 539Y, 04-JUL-25, AMS  to  ACC, 06:03:46 - 16:20:01, Seat: 26F","KL 255Y, 19-JUL-25, ACC  to  NBO, 17:34:04 - 05:46:12,Seat: 46A",2940261191146,27JUL,683741278140062 / 001-489-461-2890,PD92284813,29OCT1978,19JUL2031,3250935,27JUL,28APR2029,15,46
DANIEL FIELDS,"KL 855Y, 22-JUL-25, AMS  to  ACC, 20:22:45 - 16:40:29, Seat: 6D",nan,5272557033181,27JUL,6505611421 / 247-672-6565176,IR43188007,17APR1974,15DEC2033,4560055,27JUL,16JAN2030,,51
SANDRA WHITE,"KL 525Y, 13-JUL-25, AMS  to  ACC, 07:51:41 - 15:46:48, Seat: 22B","KL 261Y, 25-JUL-25, ACC  to  YYZ, 00:28:39 - 16:20:28,Seat: 24E",7646362516938,27JUL,(601)074-4307 / 001-223-551-00369877,LA67779224,21JAN1982,07NOV2030,2962705,27JUL,13SEP2026,12,43
KIMBERLY JOHNS,"KL 777Y, 09-JUL-25, AMS  to  ACC, 06:32:17 - 22:01:45, Seat: 29A",nan,5339837863821,27JUL,001-038-881-4214045 / 232-062-210484979,DD22827044,01APR1963,22JUL2032,5840027,27JUL,16JUL2030,,62
KATHERINE HOWARD,"KL 476Y, 19-JUL-25, AMS  to  ACC, 13:06:02 - 22:50:45, Seat: 32E","KL 714Y, 19-JUL-25, ACC  to  IAD, 04:44:14 - 18:09:49,Seat: 43F",9142002699005,27JUL,(953)440-3448 / (368)174-3760,JB35671781,16SEP1976,23AUG2034,5693400,27JUL,14JAN2027,0,48
MICHAEL FISHER,"KL 188Y, 16-JUL-25, AMS  to  ACC, 04:39:51 - 02:21:48, Seat: 9D","KL 353Y, 22-JUL-25, ACC  to  BCN, 12:19:26 - 23:28:51,Seat: 30C",9197651389188,27JUL,001-631-976-088616154 / 5944867601666,PO85980323,19APR1972,26MAY2032,2174671,27JUL,27JUL2030,6,53
GERALD SMITH,"KL 210Y, 15-JUL-25, AMS  to  ACC, 11:28:09 - 12:23:03, Seat: 36A","KL 879Y, 24-JUL-25, ACC  to  LOS, 18:25:11 - 08:05:02,Seat: 15E",1931012742901,27JUL,(655)314-864912122 / 252-553-6579468,VS32793164,15JUN1991,22FEB2033,8622452,27JUL,01JUN2029,9,34
DANIEL PATTERSON,"KL 228Y, 17-JUL-25, AMS  to  ACC, 02:55:58 - 16:25:49, Seat: 7F","KL 531Y, 18-JUL-25, ACC  to  FRA, 06:10:11 - 00:45:38,Seat: 48D",3214187624650,27JUL,251-467-7651123 / +1-432-360-00907450,FB50142046,24NOV1991,05APR2032,9515733,27JUL,03JUL2029,1,33
CHRISTOPHER MCGEE,"KL 465Y, 12-JUL-25, AMS  to  ACC, 23:18:49 - 07:51:15, Seat: 9B","KL 690Y, 23-JUL-25, ACC  to  MAD, 00:50:38 - 04:50:42,Seat: 17D",6340414319993,27JUL,001-937-527-2950 / (846)916-1971,JA87944853,04SEP1962,07MAY2033,5213040,27JUL,24JAN2028,11,62
CRAIG WARNER,"KL 931Y, 03-JUL-25, AMS  to  ACC, 12:33:16 - 06:28:35, Seat: 47B","KL 134Y, 06-JUL-25, ACC  to  YUL, 07:10:33 - 05:10:04,Seat: 46C",8146287981323,27JUL,+1-969-574-48957047 / 892-236-7897,WM75593789,25JAN1973,17OCT2032,1942441,27JUL,11JUL2028,3,52
SUZANNE BROWN,"KL 236Y, 04-JUL-25, AMS  to  ACC, 00:56:46 - 11:23:08, Seat: 40E",nan,3206053600542,27JUL,+1-663-868-279271440 / +1-463-039-9204,NU58328196,27AUG1966,21OCT2034,8636918,27JUL,18NOV2028,,58
BRIAN HOLT,"KL 240Y, 26-JUL-25, AMS  to  ACC, 04:17:27 - 06:16:42, Seat: 50F","KL 645Y, 02-JUL-25, ACC  to  LHR, 14:13:18 - 17:29:46,Seat: 36F",7628923727743,27JUL,001-178-316-4302 / 546-653-629043261,LB31318325,07APR1987,11JAN2035,6499310,27JUL,29DEC2026,24,38
NICOLE JONES,"KL 986Y, 15-JUL-25, AMS  to  ACC, 18:53:43 - 18:43:48, Seat: 9E","KL 993Y, 14-JUL-25, ACC  to  IAD, 03:03:58 - 09:14:02,Seat: 22A",6808241868952,27JUL,(536)916-314920587 / (955)078-4364,EF07374604,18JUN1951,24JUL2032,2953690,27JUL,01MAR2028,1,74
MARK HERNANDEZ,"KL 466Y, 20-JUL-25, AMS  to  ACC, 16:33:52 - 20:49:46, Seat: 6A","KL 974Y, 11-JUL-25, ACC  to  ACC, 01:25:47 - 08:27:17,Seat: 38F",7449106299093,27JUL,001-054-870-8825 / (555)943-0447,TD08383027,23SEP1986,12MAR2033,9694978,27JUL,03NOV2026,9,38
DAWN VALDEZ,"KL 888Y, 17-JUL-25, AMS  to  ACC, 18:43:03 - 22:39:04, Seat: 22E","KL 870Y, 01-JUL-25, ACC  to  LOS, 07:26:29 - 19:45:52,Seat: 15A",1719392206100,27JUL,001-308-974-768057183 / 001-510-005-16895225,TO75330961,29NOV2005,01FEB2032,3597656,27JUL,03JAN2030,16,19
ANDREW SANTANA,"KL 821Y, 25-JUL-25, AMS  to  ACC, 10:48:31 - 03:55:02, Seat: 4B","KL 902Y, 05-JUL-25, ACC  to  MAD, 20:15:22 - 06:53:41,Seat: 43C",3614804676189,27JUL,383-280-173641152 / (299)536-738929679,DU70887575,29AUG1999,15AUG2031,2607361,27JUL,12DEC2029,20,25
KAITLYN SANCHEZ,"KL 376Y, 05-JUL-25, AMS  to  ACC, 02:21:56 - 17:56:40, Seat: 34E","KL 255Y, 06-JUL-25, ACC  to  AMS, 12:51:17 - 12:59:01,Seat: 11F",1569184921974,27JUL,531968485808180 / 269-550-6294,GG09997013,09JUN1983,31DEC2030,2507369,27JUL,04FEB2030,1,42
AMANDA GUZMAN,"KL 363Y, 09-JUL-25, AMS  to  ACC, 07:49:17 - 00:59:35, Seat: 16F","KL 768Y, 13-JUL-25, ACC  to  SFO, 13:07:58 - 17:06:00,Seat: 1A",4858945112014,27JUL,(777)219-45383966 / 126350240144238,GG42442922,10SEP1960,08JUL2031,8621763,27JUL,25JUN2029,4,64
TIFFANY NGUYEN,"KL 156Y, 10-JUL-25, AMS  to  ACC, 21:41:24 - 05:08:24, Seat: 13E","KL 563Y, 06-JUL-25, ACC  to  MAD, 07:41:52 - 09:11:58,Seat: 38F",4622115188525,27JUL,2099418057 / +1-097-647-67730794,CJ50976992,12APR1981,25JAN2032,2302068,27JUL,11SEP2026,4,44
ASHLEY GEORGE,"KL 111Y, 03-JUL-25, AMS  to  ACC, 01:16:46 - 02:24:36, Seat: 18D","KL 409Y, 22-JUL-25, ACC  to  SFO, 15:53:13 - 19:14:33,Seat: 44F",4417748747881,27JUL,(915)566-6469 / 001-010-693-3300,DY26987255,16JUN1998,26JUN2031,9903407,27JUL,13NOV2028,19,27
MIKE HERNANDEZ,"KL 819Y, 27-JUL-25, AMS  to  ACC, 23:07:08 - 15:25:12, Seat: 41F","KL 346Y, 23-JUL-25, ACC  to  SFO, 08:29:08 - 20:51:41,Seat: 19F",1998380274692,27JUL,3710304107794 / 356-818-821600502,SJ64916615,28AUG1980,07AUG2033,4757339,27JUL,28JUL2028,4,44
SEAN FRAZIER,"KL 807Y, 08-JUL-25, AMS  to  ACC, 10:04:35 - 09:19:15, Seat: 2C","KL 483Y, 06-JUL-25, ACC  to  CDG, 21:16:37 - 18:38:31,Seat: 15F",1346629787584,27JUL,001-287-268-9607 / +1-376-589-3196,UO67187398,30JUN1955,27APR2032,9212428,27JUL,19SEP2027,2,70
HOLLY SNOW,"KL 218Y, 19-JUL-25, AMS  to  ACC, 05:51:46 - 10:57:34, Seat: 22F","KL 259Y, 09-JUL-25, ACC  to  AMS, 08:51:23 - 08:23:21,Seat: 32A",1391263328607,27JUL,+1-582-577-3120497 / 001-950-452-3876,AO33552002,03MAY1989,10AUG2030,4816282,27JUL,02JAN2028,10,36
STACY LEWIS,"KL 385Y, 01-JUL-25, AMS  to  ACC, 05:21:25 - 12:42:36, Seat: 6E","KL 473Y, 14-JUL-25, ACC  to  JFK, 07:16:17 - 19:32:50,Seat: 9F",8856684551245,27JUL,853-149-3336642 / 6037850169410,XR56215716,06SEP1954,18DEC2032,5920529,27JUL,17JUN2029,13,70
BRENDA MOORE,"KL 217Y, 21-JUL-25, AMS  to  ACC, 11:25:49 - 17:58:07, Seat: 26A",nan,5592689033602,27JUL,(739)240-4034 / 688-701-4287,BP53834428,26AUG1971,14JUN2033,9124641,27JUL,17JAN2030,,53
ANTHONY WILSON,"KL 784Y, 08-JUL-25, AMS  to  ACC, 10:51:47 - 16:53:06, Seat: 7F","KL 475Y, 25-JUL-25, ACC  to  JFK, 11:09:04 - 14:21:17,Seat: 9B",7583876837961,27JUL,(598)613-6843616 / 001-893-408-03213314,KC59528206,24DEC2002,27MAR2034,4027643,27JUL,28MAR2028,17,22
MICHELLE MYERS,"KL 564Y, 13-JUL-25, AMS  to  ACC, 20:00:26 - 14:02:12, Seat: 33D","KL 959Y, 23-JUL-25, ACC  to  IAD, 16:53:33 - 19:14:43,Seat: 19C",7794508413952,27JUL,001-950-199-344749427 / 001-881-591-40674792,FD98049818,10FEB1964,18JUN2033,1686398,27JUL,01SEP2027,10,61
JUSTIN CARR,"KL 120Y, 22-JUL-25, AMS  to  ACC, 11:48:37 - 18:36:22, Seat: 44B","KL 821Y, 21-JUL-25, ACC  to  MAD, 05:45:54 - 05:15:26,Seat: 50E",4243551762595,27JUL,021525758240908 / 8780939969490,HD78689949,06OCT1979,13SEP2034,1041161,27JUL,19MAR2027,1,45
BRYAN DAWSON JR.,"KL 946Y, 17-JUL-25, AMS  to  ACC, 02:04:01 - 16:37:48, Seat: 11D",nan,3585187290914,27JUL,50843600027948 / (314)223-87859395,GQ94957706,10MAR1995,03MAR2034,3241052,27JUL,04OCT2027,,30
MICHAEL ALVARADO,"KL 221Y, 18-JUL-25, AMS  to  ACC, 04:08:59 - 06:12:48, Seat: 41E","KL 796Y, 05-JUL-25, ACC  to  MAD, 16:36:00 - 01:23:09,Seat: 19D",3544786263378,27JUL,+1-069-402-703311462 / 473670759395120,GV76165741,03MAY1980,23APR2033,8375183,27JUL,05JAN2027,13,45
DR. DEBORAH BARNES DVM,"KL 916Y, 13-JUL-25, AMS  to  ACC, 02:16:53 - 16:01:24, Seat: 39F","KL 185Y, 26-JUL-25, ACC  to  AMS, 14:57:15 - 17:27:39,Seat: 20F",9305692829112,27JUL,001-759-064-3947285 / (359)796-5392001,EF47481861,15NOV1982,04MAR2034,4657840,27JUL,01OCT2026,13,42
KARA LEON,"KL 830Y, 17-JUL-25, AMS  to  ACC, 18:00:33 - 17:54:24, Seat: 50F","KL 850Y, 13-JUL-25, ACC  to  YUL, 01:42:49 - 10:30:58,Seat: 44A",7053827474098,27JUL,2904305464 / 4382000155,UC57675768,13DEC1993,08JUN2033,2105627,27JUL,07NOV2026,4,31
ERIC FRANCIS,"KL 184Y, 01-JUL-25, AMS  to  ACC, 21:51:47 - 08:55:34, Seat: 11D","KL 925Y, 14-JUL-25, ACC  to  JFK, 22:30:04 - 17:41:19,Seat: 37A",4393145117044,27JUL,+1-793-047-0349 / 7313023588,VM91727386,10NOV1993,12AUG2030,9754670,27JUL,04MAY2029,13,31
JACK JOHNSTON,"KL 393Y, 08-JUL-25, AMS  to  ACC, 06:35:22 - 03:05:11, Seat: 45A","KL 882Y, 11-JUL-25, ACC  to  MAD, 15:06:02 - 02:05:04,Seat: 24C",5211155401878,27JUL,672-042-669675918 / +1-871-998-2210948,DV13979441,29AUG1968,28JUL2034,3861773,27JUL,07DEC2026,3,56
JUSTIN HARDY,"KL 679Y, 12-JUL-25, AMS  to  ACC, 21:26:39 - 02:14:42, Seat: 40F","KL 251Y, 13-JUL-25, ACC  to  YYZ, 08:31:11 - 15:02:22,Seat: 41F",5518364157310,27JUL,001-932-453-28085149 / (521)031-93442324,ZN47591763,18NOV1990,18JUN2033,5330947,27JUL,30JAN2030,1,34
JUDY LYNCH,"KL 859Y, 13-JUL-25, AMS  to  ACC, 14:25:12 - 00:31:57, Seat: 49A","KL 712Y, 19-JUL-25, ACC  to  NBO, 17:21:54 - 19:46:17,Seat: 24C",4775638700902,27JUL,+1-823-465-5630 / 9383041997,GS45289390,06JUL1969,27MAY2033,8765566,27JUL,19JUN2029,6,56
JULIA GONZALEZ,"KL 284Y, 26-JUL-25, AMS  to  ACC, 09:41:09 - 10:30:31, Seat: 38F",nan,3770561347893,27JUL,+1-962-619-48455455 / 823-577-64471235,OL67686230,17OCT1981,29OCT2030,5663617,27JUL,03MAY2030,,43
MATTHEW ROBINSON,"KL 857Y, 16-JUL-25, AMS  to  ACC, 16:33:03 - 14:04:53, Seat: 5F","KL 328Y, 04-JUL-25, ACC  to  FRA, 11:14:53 - 18:16:08,Seat: 4E",8341320458661,27JUL,324-454-22474373 / 1258708115,YD20896265,10AUG2005,12JAN2033,9635529,27JUL,24MAY2029,12,20
CAROL MORAN,"KL 763Y, 05-JUL-25, AMS  to  ACC, 22:17:47 - 07:12:22, Seat: 1B","KL 347Y, 26-JUL-25, ACC  to  YUL, 04:41:59 - 07:41:57,Seat: 6C",8476002267173,27JUL,8929048639854 / 563968938882121,QC66872580,17MAR2003,07JUL2031,6855667,27JUL,05JAN2030,21,22
DEANNA BRIDGES,"KL 504Y, 14-JUL-25, AMS  to  ACC, 17:00:45 - 17:55:36, Seat: 17F",nan,5533625831680,27JUL,001-830-811-626561694 / 2676943936,IK72679535,10AUG1967,12OCT2031,7918890,27JUL,26JUL2030,,58
DIANA SMITH,"KL 612Y, 18-JUL-25, AMS  to  ACC, 12:03:02 - 02:45:28, Seat: 35B","KL 623Y, 25-JUL-25, ACC  to  MAD, 04:47:02 - 21:29:38,Seat: 34C",6166593897699,27JUL,001-884-997-0736 / (684)210-84585693,QK79609904,02JUL1951,30OCT2033,4608041,27JUL,28DEC2027,7,74
JASON TAYLOR,"KL 953Y, 06-JUL-25, AMS  to  ACC, 06:19:49 - 13:46:05, Seat: 33D","KL 719Y, 23-JUL-25, ACC  to  IAD, 11:43:12 - 04:49:42,Seat: 48F",2631181150039,27JUL,3427398042 / (983)664-1771,ZX78095783,22DEC1997,17JAN2034,5539503,27JUL,14JUN2028,17,27
JACLYN PEREZ,"KL 985Y, 11-JUL-25, AMS  to  ACC, 02:24:21 - 21:07:36, Seat: 18C","KL 560Y, 22-JUL-25, ACC  to  MAD, 19:02:35 - 10:44:18,Seat: 13C",8373404377543,27JUL,(727)420-95163249 / +1-686-045-367713569,XN86555490,22JUL1982,29MAY2031,4144376,27JUL,12JUN2030,11,43
ANGELA HANNA,"KL 859Y, 05-JUL-25, AMS  to  ACC, 03:31:08 - 14:42:11, Seat: 32E","KL 490Y, 02-JUL-25, ACC  to  IAD, 02:22:43 - 16:18:23,Seat: 20E",3348889265540,27JUL,(581)375-7002 / (683)871-0180,MT63398885,29NOV1955,25JAN2034,7591013,27JUL,06DEC2027,3,69
SEAN GOMEZ,"KL 753Y, 24-JUL-25, AMS  to  ACC, 07:36:20 - 11:43:59, Seat: 17D","KL 938Y, 06-JUL-25, ACC  to  CDG, 13:34:23 - 10:04:09,Seat: 12A",3453097626844,27JUL,0556169609 / 665849871026060,TW90835415,24DEC1955,15OCT2034,7829584,27JUL,31DEC2027,18,69
TAYLOR MCCORMICK,"KL 353Y, 12-JUL-25, AMS  to  ACC, 21:39:10 - 00:47:17, Seat: 40B","KL 731Y, 24-JUL-25, ACC  to  YYZ, 04:06:33 - 19:55:37,Seat: 6E",5418485871720,27JUL,782-906-3728 / +1-874-222-9675,VI94656251,26SEP1972,21JAN2031,5442248,27JUL,09FEB2030,12,52
SARA LEE,"KL 515Y, 11-JUL-25, AMS  to  ACC, 08:36:19 - 12:17:05, Seat: 12E","KL 855Y, 16-JUL-25, ACC  to  NBO, 00:07:01 - 19:26:42,Seat: 5A",1436845370333,27JUL,418-375-824160534 / 414-622-9102,PH68430047,07JAN1987,07OCT2030,4752030,27JUL,25DEC2027,5,38
ELIZABETH BARRON,"KL 519Y, 18-JUL-25, AMS  to  ACC, 16:25:04 - 03:02:37, Seat: 13E","KL 700Y, 04-JUL-25, ACC  to  ACC, 00:06:33 - 02:55:03,Seat: 16C",1981098035215,27JUL,+1-190-606-7508 / 680992923930773,IG25196223,03OCT1969,31AUG2033,6739936,27JUL,12APR2030,14,55
MARCUS VASQUEZ,"KL 191Y, 06-JUL-25, AMS  to  ACC, 10:30:21 - 15:41:37, Seat: 30E",nan,3631314323328,27JUL,553-631-5194 / (155)469-9923622,TR78035749,11JAN1955,27MAY2034,2834313,27JUL,23MAR2029,,70
NICHOLAS ADKINS,"KL 126Y, 08-JUL-25, AMS  to  ACC, 08:38:50 - 06:31:29, Seat: 29A","KL 295Y, 19-JUL-25, ACC  to  FRA, 07:11:13 - 20:20:02,Seat: 21F",4258817786417,27JUL,(702)392-1126 / +1-874-146-766710348,HA60893173,28OCT1953,12AUG2032,1380392,27JUL,22APR2028,11,71
LUKE MALDONADO,"KL 929Y, 05-JUL-25, AMS  to  ACC, 05:30:52 - 14:58:51, Seat: 31A","KL 230Y, 23-JUL-25, ACC  to  ACC, 11:57:12 - 05:15:19,Seat: 48F",6949356076285,27JUL,09900359710630 / +1-069-060-4002686,NE59578891,14JAN1986,30AUG2034,9699956,27JUL,26OCT2028,18,39
MRS. JENNIFER SMITH,"KL 596Y, 10-JUL-25, AMS  to  ACC, 08:46:57 - 18:17:18, Seat: 49C","KL 403Y, 22-JUL-25, ACC  to  IAD, 10:45:42 - 01:27:16,Seat: 15B",8203251061998,27JUL,001-176-977-22131905 / (502)221-1080691,FV74343752,12SEP1966,21FEB2033,7770185,27JUL,11MAY2030,12,58
APRIL RAMOS,"KL 914Y, 24-JUL-25, AMS  to  ACC, 03:20:35 - 17:04:05, Seat: 14F","KL 149Y, 13-JUL-25, ACC  to  FRA, 09:52:07 - 03:28:19,Seat: 1B",7321403553360,27JUL,001-362-539-59256688 / 9407181312,KO73196486,19SEP1973,18JAN2031,7461284,27JUL,04JUN2029,11,51
LAUREN WILLIAMS,"KL 915Y, 08-JUL-25, AMS  to  ACC, 06:02:02 - 22:47:30, Seat: 49A",nan,2814805594436,27JUL,+1-071-374-490603164 / 3074127230,BN96377839,17FEB2003,20MAR2033,1904139,27JUL,18AUG2027,,22
TAYLOR DUNCAN,"KL 163Y, 07-JUL-25, AMS  to  ACC, 22:38:13 - 12:28:56, Seat: 10E","KL 797Y, 26-JUL-25, ACC  to  AMS, 14:29:31 - 20:02:08,Seat: 19F",1139109456159,27JUL,2829983986 / +1-088-121-4991,AR00576449,20DEC1969,26SEP2032,3168294,27JUL,01FEB2029,19,55
CHARLES PAYNE MD,"KL 391Y, 15-JUL-25, AMS  to  ACC, 16:22:38 - 22:26:32, Seat: 29D","KL 382Y, 12-JUL-25, ACC  to  YYZ, 10:28:25 - 17:25:30,Seat: 18F",2266289586834,27JUL,+1-876-718-15648274 / (112)291-5365,UQ86833005,26JUN1960,17AUG2030,8020564,27JUL,07AUG2028,3,65
DIANA RUSH,"KL 753Y, 14-JUL-25, AMS  to  ACC, 22:01:55 - 12:36:51, Seat: 33A","KL 835Y, 13-JUL-25, ACC  to  ACC, 21:29:37 - 10:20:54,Seat: 23C",5721786533687,27JUL,586-087-2464 / 095-804-8337,AT52192355,07FEB1959,20OCT2030,9284026,27JUL,21FEB2030,1,66
SAMANTHA HAWKINS,"KL 280Y, 06-JUL-25, AMS  to  ACC, 23:19:54 - 20:43:31, Seat: 27B","KL 761Y, 12-JUL-25, ACC  to  CDG, 21:44:23 - 13:41:54,Seat: 14C",1840738304723,27JUL,001-349-996-4227 / 001-344-879-910224225,RB19058670,28SEP1989,14NOV2032,1234256,27JUL,24FEB2028,6,35
CYNTHIA SMITH,"KL 922Y, 24-JUL-25, AMS  to  ACC, 22:00:02 - 07:39:39, Seat: 49C","KL 676Y, 17-JUL-25, ACC  to  LOS, 23:33:20 - 15:04:18,Seat: 5A",7456748348170,27JUL,(673)574-0364 / (039)610-16663842,ZH75170519,19JUL2000,01NOV2034,4169990,27JUL,30OCT2029,7,25
LAUREN FOX,"KL 405Y, 14-JUL-25, AMS  to  ACC, 00:05:43 - 06:16:01, Seat: 36F",nan,4761940656052,27JUL,001-661-259-8463558 / +1-785-371-4295310,RP82063287,25FEB1951,20DEC2033,5150811,27JUL,23JAN2029,,74
JOHN GOLDEN,"KL 726Y, 25-JUL-25, AMS  to  ACC, 11:40:28 - 10:00:36, Seat: 46A",nan,9299427220444,27JUL,(998)992-6641 / 954072590793546,QH81907522,30NOV1983,19NOV2033,9351486,27JUL,29OCT2028,,41
EMILY WELLS,"KL 566Y, 20-JUL-25, AMS  to  ACC, 22:35:37 - 17:40:30, Seat: 31D","KL 135Y, 17-JUL-25, ACC  to  FRA, 15:25:34 - 02:39:43,Seat: 49B",6041849762836,27JUL,3069710804 / 7003256963849,IV32171827,09MAR1962,07OCT2034,1066838,27JUL,01DEC2027,3,63
FRANK JACKSON,"KL 959Y, 03-JUL-25, AMS  to  ACC, 13:45:36 - 09:30:25, Seat: 31F","KL 884Y, 04-JUL-25, ACC  to  DXB, 02:35:19 - 23:48:19,Seat: 44B",8552219551067,27JUL,(907)076-54170795 / 78234693938753,FP63194303,18MAY1963,31DEC2030,5106581,27JUL,08JUL2029,1,62
LAURA GARZA,"KL 407Y, 15-JUL-25, AMS  to  ACC, 17:04:50 - 12:16:03, Seat: 37A",nan,4888871689973,27JUL,6503053683 / 459-228-8046,JP08257278,20AUG1982,11SEP2033,8722669,27JUL,28NOV2027,,42
AMBER BECKER,"KL 720Y, 21-JUL-25, AMS  to  ACC, 01:44:13 - 18:57:54, Seat: 45F","KL 541Y, 13-JUL-25, ACC  to  YYZ, 02:05:45 - 09:18:11,Seat: 39D",5430319615705,27JUL,87526180268306 / (113)348-3908,OU87630198,16MAR1991,10MAR2033,8956269,27JUL,15SEP2028,8,34
TAYLOR BRADLEY,"KL 327Y, 10-JUL-25, AMS  to  ACC, 18:39:16 - 14:40:46, Seat: 39D",nan,3037802688570,27JUL,001-798-851-3931284 / +1-505-452-2202,UD69541291,19JUN1957,07MAR2033,5923832,27JUL,28OCT2027,,68
BRANDON LIU,"KL 420Y, 21-JUL-25, AMS  to  ACC, 13:39:12 - 12:10:02, Seat: 34E","KL 485Y, 24-JUL-25, ACC  to  SFO, 12:17:09 - 07:05:26,Seat: 5F",5180329213729,27JUL,001-053-114-970299509 / 001-787-867-09205512,KQ24547244,11SEP1968,05OCT2032,5524329,27JUL,15DEC2026,3,56
ISAAC MEYER,"KL 525Y, 13-JUL-25, AMS  to  ACC, 05:09:17 - 12:19:13, Seat: 6F","KL 859Y, 08-JUL-25, ACC  to  JFK, 01:13:14 - 10:51:57,Seat: 44E",6586658630085,27JUL,001-589-534-7385 / 001-718-147-6441068,DQ85004152,10FEB1990,07APR2035,9458328,27JUL,28MAY2030,5,35
LISA BALDWIN,"KL 817Y, 12-JUL-25, AMS  to  ACC, 01:43:12 - 11:28:14, Seat: 50C","KL 904Y, 02-JUL-25, ACC  to  DXB, 15:03:57 - 01:49:32,Seat: 34C",5901624242977,27JUL,(709)441-8425 / 6464347029,ID98532911,24MAY1981,03JAN2035,1198627,27JUL,11OCT2027,10,44
WESLEY HALL,"KL 979Y, 19-JUL-25, AMS  to  ACC, 19:34:00 - 01:42:30, Seat: 14A","KL 599Y, 13-JUL-25, ACC  to  DXB, 07:31:33 - 19:53:02,Seat: 47A",2495444752300,27JUL,+1-933-764-3550461 / 001-871-055-978912123,AB41397965,04AUG1988,16MAY2035,3976425,27JUL,15JAN2029,6,37
JUSTIN JOHNSON DDS,"KL 531Y, 09-JUL-25, AMS  to  ACC, 06:26:03 - 14:33:11, Seat: 38F","KL 189Y, 08-JUL-25, ACC  to  YUL, 12:59:10 - 17:44:58,Seat: 43F",1067487643301,27JUL,(014)805-209302593 / (550)182-571247453,XR66392341,11JAN1981,18APR2033,2313805,27JUL,24JUL2029,1,44
MICHAEL NELSON,"KL 203Y, 02-JUL-25, AMS  to  ACC, 18:13:34 - 23:22:44, Seat: 26D","KL 620Y, 19-JUL-25, ACC  to  LOS, 02:16:32 - 10:32:54,Seat: 43D",5343243265086,27JUL,5060170874536 / 560-098-64289195,WO88552041,05MAR1997,03FEB2031,9642348,27JUL,06FEB2029,17,28
DANIELLE BRAUN,"KL 560Y, 05-JUL-25, AMS  to  ACC, 18:36:19 - 20:54:32, Seat: 25D","KL 825Y, 01-JUL-25, ACC  to  SFO, 12:07:44 - 20:00:58,Seat: 36D",5837820145498,27JUL,178-040-53861889 / 001-107-444-5948,YI61376506,28JAN1976,31DEC2033,3480259,27JUL,20FEB2028,4,49
LORI JOHNSON,"KL 405Y, 08-JUL-25, AMS  to  ACC, 07:43:03 - 12:24:32, Seat: 37B",nan,9306812684301,27JUL,(633)269-8105867 / (855)770-6507,GY96281004,17SEP1995,16OCT2034,9894890,27JUL,28APR2027,,29
MRS. SUZANNE HAMMOND,"KL 556Y, 10-JUL-25, AMS  to  ACC, 23:07:14 - 15:54:08, Seat: 41A","KL 501Y, 26-JUL-25, ACC  to  CDG, 20:32:41 - 23:30:39,Seat: 28A",4062560808110,27JUL,001-256-099-4695 / 433-642-6192,UN34267690,03JUL1964,17AUG2031,1097668,27JUL,20SEP2028,16,61
ROBERT TAYLOR MD,"KL 646Y, 12-JUL-25, AMS  to  ACC, 06:36:50 - 12:54:18, Seat: 25B","KL 773Y, 09-JUL-25, ACC  to  FRA, 16:45:07 - 10:14:04,Seat: 24D",6343079721643,27JUL,001-870-428-18547066 / 001-391-757-130275672,TU36870275,21JUN1994,09MAY2033,5238346,27JUL,08APR2027,3,31
JAMIE CUMMINGS,"KL 975Y, 01-JUL-25, AMS  to  ACC, 01:01:31 - 03:05:02, Seat: 13C","KL 893Y, 11-JUL-25, ACC  to  LHR, 13:34:22 - 03:51:46,Seat: 23E",7945486539604,27JUL,(441)116-41774743 / 9880705953,UF44893393,13APR1960,17JUN2032,1803721,27JUL,21AUG2029,10,65
CHRISTOPHER THOMAS,"KL 721Y, 17-JUL-25, AMS  to  ACC, 06:26:36 - 23:06:10, Seat: 42F","KL 342Y, 13-JUL-25, ACC  to  BCN, 23:10:49 - 12:11:22,Seat: 37B",4933838484097,27JUL,17040547704778 / (692)873-20383848,MR25781761,24APR1961,03NOV2030,9962358,27JUL,26MAR2030,4,64
JANICE ROBINSON,"KL 633Y, 16-JUL-25, AMS  to  ACC, 07:08:40 - 19:16:01, Seat: 18D","KL 401Y, 19-JUL-25, ACC  to  AMS, 14:44:15 - 02:26:00,Seat: 10E",8676955335387,27JUL,738-474-2963443 / +1-418-658-3810799,LU69360590,02APR1966,27JUN2034,2328078,27JUL,03MAY2030,3,59
JOHN RIVERA,"KL 248Y, 08-JUL-25, AMS  to  ACC, 10:15:27 - 22:09:32, Seat: 4B","KL 280Y, 05-JUL-25, ACC  to  LOS, 01:09:52 - 09:35:31,Seat: 4D",9386035253696,27JUL,332-813-7004107 / 365-658-4676095,ZV56285542,10SEP1985,11JAN2031,7190824,27JUL,21MAR2027,3,39
MICHELLE CAMACHO,"KL 804Y, 10-JUL-25, AMS  to  ACC, 09:43:21 - 15:01:36, Seat: 24A","KL 277Y, 05-JUL-25, ACC  to  CDG, 00:52:16 - 11:31:53,Seat: 7F",4440776089102,27JUL,001-897-314-50470700 / +1-155-984-549879974,UM23772998,28JUN1996,23MAY2031,2731112,27JUL,11FEB2028,5,29
DAVID PORTER,"KL 427Y, 27-JUL-25, AMS  to  ACC, 18:04:49 - 05:49:04, Seat: 14F","KL 457Y, 02-JUL-25, ACC  to  BCN, 17:57:02 - 03:38:30,Seat: 39A",8938008453664,27JUL,0139186638 / (384)638-4937,NN52185878,27JUL1963,09JAN2033,7427815,27JUL,03NOV2028,25,62
STACEY WILLIAMS,"KL 203Y, 26-JUL-25, AMS  to  ACC, 16:56:05 - 10:25:36, Seat: 32E","KL 440Y, 02-JUL-25, ACC  to  LHR, 13:28:04 - 01:28:58,Seat: 21C",1152069529034,27JUL,(165)708-7536969 / 899-732-5967,MQ15828201,26MAR1992,25JUN2035,4311940,27JUL,24AUG2029,24,33
JUAN MITCHELL,"KL 600Y, 10-JUL-25, AMS  to  ACC, 21:02:22 - 05:05:29, Seat: 44F","KL 333Y, 09-JUL-25, ACC  to  ACC, 06:06:07 - 18:40:41,Seat: 34A",5123286588311,27JUL,241-391-3909779 / (764)358-53361989,SG98985135,04FEB1971,13OCT2031,4032102,27JUL,04JAN2030,1,54
REBECCA HERNANDEZ DVM,"KL 374Y, 04-JUL-25, AMS  to  ACC, 06:10:30 - 09:05:54, Seat: 17D","KL 729Y, 06-JUL-25, ACC  to  LOS, 03:15:04 - 21:54:44,Seat: 29B",3435123439228,27JUL,(549)807-564486412 / 001-439-352-5830341,OM35970192,12JUN1980,27OCT2032,3231412,27JUL,04SEP2027,2,45
PAMELA MEZA,"KL 904Y, 18-JUL-25, AMS  to  ACC, 01:59:50 - 23:47:19, Seat: 12C",nan,6932219933037,27JUL,196-530-49536056 / 001-480-996-51794870,BN49679350,04MAY1954,07JUN2034,8359623,27JUL,08SEP2028,,71
LANCE FISHER,"KL 921Y, 05-JUL-25, AMS  to  ACC, 18:01:05 - 19:16:56, Seat: 16B","KL 370Y, 23-JUL-25, ACC  to  YUL, 04:59:42 - 14:31:02,Seat: 39B",5113372268471,27JUL,95657803532870 / 390-395-785661980,UR21711871,13NOV1955,07JUN2035,3806230,27JUL,30JUN2030,18,69
CRAIG ATKINSON,"KL 721Y, 19-JUL-25, AMS  to  ACC, 07:25:56 - 04:59:58, Seat: 29F","KL 855Y, 25-JUL-25, ACC  to  BCN, 14:51:12 - 03:46:13,Seat: 22B",7982866701857,27JUL,(710)708-3719 / (481)752-611036281,RA00295383,18MAR1955,01APR2033,4352537,27JUL,12SEP2029,6,70
LISA WRIGHT,"KL 235Y, 18-JUL-25, AMS  to  ACC, 08:43:02 - 03:57:04, Seat: 6C","KL 911Y, 24-JUL-25, ACC  to  ACC, 20:40:46 - 22:16:09,Seat: 2F",2706973800609,27JUL,738-188-3938 / 4930919074,JJ60600286,17SEP1969,03NOV2033,8750254,27JUL,03OCT2027,6,55
ELIZABETH ATKINSON,"KL 474Y, 16-JUL-25, AMS  to  ACC, 01:50:40 - 09:49:52, Seat: 13E","KL 483Y, 10-JUL-25, ACC  to  JFK, 05:41:46 - 18:02:35,Seat: 46B",6033586783056,27JUL,(748)307-881678250 / 1814075033,YT54161842,09JAN1980,28JAN2032,5488090,27JUL,07JUL2028,6,45
YVETTE BROWN,"KL 566Y, 17-JUL-25, AMS  to  ACC, 14:33:38 - 02:58:29, Seat: 39A","KL 979Y, 27-JUL-25, ACC  to  LOS, 05:10:39 - 02:00:21,Seat: 11D",2989864574033,27JUL,001-929-578-3858891 / 001-052-661-3905351,ZB86920323,09JUL1975,17APR2035,8300554,27JUL,22AUG2028,10,50
TRACY LUCAS,"KL 864Y, 10-JUL-25, AMS  to  ACC, 09:40:35 - 22:31:42, Seat: 15F","KL 709Y, 03-JUL-25, ACC  to  SFO, 23:04:41 - 00:10:37,Seat: 16E",9853758643171,27JUL,001-959-723-1887502 / 117-324-12786973,HR85330810,10APR1978,04AUG2033,2633606,27JUL,04SEP2027,7,47
SUSAN WILSON,"KL 436Y, 14-JUL-25, AMS  to  ACC, 08:51:26 - 19:53:33, Seat: 27A","KL 308Y, 16-JUL-25, ACC  to  MAD, 20:57:40 - 06:23:21,Seat: 41B",6660350371480,27JUL,+1-948-159-3292432 / 001-314-525-564232842,XY29075190,19FEB1971,27FEB2035,1250304,27JUL,01OCT2026,2,54
KATELYN GRIFFIN,"KL 192Y, 09-JUL-25, AMS  to  ACC, 02:28:52 - 07:52:06, Seat: 45A","KL 573Y, 22-JUL-25, ACC  to  LOS, 04:32:19 - 06:37:59,Seat: 6C",4954164120371,27JUL,9378829562 / 001-667-642-7869,HM39127741,27APR1953,04OCT2032,2157379,27JUL,27DEC2027,13,72
ANTHONY MENDEZ,"KL 831Y, 26-JUL-25, AMS  to  ACC, 01:29:20 - 18:35:24, Seat: 18B","KL 314Y, 12-JUL-25, ACC  to  LOS, 20:11:46 - 13:44:50,Seat: 13F",4481154970258,27JUL,+1-007-474-4602208 / +1-263-170-638823174,YP00970255,07SEP1971,29JUN2031,9298788,27JUL,25MAR2029,14,53
MARY MCCORMICK,"KL 575Y, 06-JUL-25, AMS  to  ACC, 19:28:17 - 06:31:35, Seat: 4A","KL 373Y, 03-JUL-25, ACC  to  DXB, 13:21:19 - 20:12:21,Seat: 29F",5137240320664,27JUL,(791)365-5992 / (718)783-08144340,GF40979026,24AUG1969,13DEC2031,9158499,27JUL,26MAR2027,3,55
JAMES CORTEZ,"KL 949Y, 26-JUL-25, AMS  to  ACC, 21:38:32 - 02:56:34, Seat: 43E","KL 122Y, 13-JUL-25, ACC  to  FRA, 18:23:29 - 20:19:07,Seat: 23A",4031577928035,27JUL,(133)533-8914 / 8330424988668,PW91322320,21MAY1983,26MAR2035,9478434,27JUL,30MAR2028,13,42
DONALD GOODWIN,"KL 403Y, 13-JUL-25, AMS  to  ACC, 05:17:03 - 03:33:36, Seat: 11D","KL 740Y, 24-JUL-25, ACC  to  FRA, 08:10:17 - 01:47:04,Seat: 33F",9494666531730,27JUL,441-522-42412064 / +1-234-867-2317606,NM37230071,10MAR1975,15JAN2032,3111789,27JUL,02JUN2027,11,50
JOSEPH STRICKLAND,"KL 635Y, 14-JUL-25, AMS  to  ACC, 06:48:22 - 14:45:05, Seat: 1A",nan,8802025293573,27JUL,882-864-8524 / 2985177446,RA72033794,30APR1976,22FEB2034,4078620,27JUL,31MAR2028,,49
KATRINA SWEENEY,"KL 375Y, 11-JUL-25, AMS  to  ACC, 23:02:58 - 03:43:27, Seat: 7F","KL 933Y, 04-JUL-25, ACC  to  FRA, 12:48:04 - 09:16:59,Seat: 18D",6812234529006,27JUL,(046)698-4536 / 7395560061,BY21699115,30DEC1993,08MAR2033,7474732,27JUL,16OCT2028,7,31
ALLISON DANIEL,"KL 434Y, 15-JUL-25, AMS  to  ACC, 12:20:01 - 01:25:50, Seat: 11D","KL 128Y, 14-JUL-25, ACC  to  DXB, 15:54:14 - 23:25:51,Seat: 34E",9482736347114,27JUL,972-262-64938977 / 0945694251,RE32622714,21SEP1969,21DEC2032,4149611,27JUL,16FEB2028,1,55
IAN BROWN,"KL 686Y, 14-JUL-25, AMS  to  ACC, 01:58:34 - 17:43:19, Seat: 33B","KL 344Y, 05-JUL-25, ACC  to  IAD, 05:18:16 - 06:11:24,Seat: 11A",8111157012589,27JUL,001-161-043-501610373 / 001-771-014-82456772,RC34009055,20NOV1997,07JUL2032,7812621,27JUL,15JUL2027,9,27
KRISTY SHORT,"KL 563Y, 17-JUL-25, AMS  to  ACC, 20:26:34 - 20:05:10, Seat: 18D","KL 107Y, 08-JUL-25, ACC  to  MAD, 13:42:56 - 22:58:15,Seat: 43B",8777035346161,27JUL,(817)023-492483091 / 009-345-106340381,YM54143680,05OCT2005,15JAN2034,3205001,27JUL,26DEC2027,9,19
MARCUS GIBSON,"KL 221Y, 20-JUL-25, AMS  to  ACC, 11:34:25 - 14:19:12, Seat: 4D","KL 121Y, 24-JUL-25, ACC  to  IAD, 20:39:30 - 09:19:10,Seat: 5C",8663216881371,27JUL,69516004840496 / (336)485-304947251,KH02791676,19SEP2000,29AUG2034,1433530,27JUL,22JUL2028,4,24
ADAM PITTMAN,"KL 255Y, 16-JUL-25, AMS  to  ACC, 09:04:36 - 09:23:42, Seat: 7A","KL 351Y, 05-JUL-25, ACC  to  AMS, 06:52:06 - 13:39:44,Seat: 46C",2691133232421,27JUL,803-617-74285522 / (744)511-50152496,IY61883294,26JUN1998,16JUL2033,3172460,27JUL,15DEC2028,11,27
DANIEL GOMEZ,"KL 824Y, 27-JUL-25, AMS  to  ACC, 03:14:11 - 23:21:24, Seat: 20E","KL 997Y, 18-JUL-25, ACC  to  FRA, 05:05:38 - 01:17:43,Seat: 28F",2639315168768,27JUL,(383)375-452853598 / 81221108789096,BO26895849,30JUN2001,15JUN2033,1284389,27JUL,04OCT2027,9,24
CHELSEA HUERTA,"KL 114Y, 07-JUL-25, AMS  to  ACC, 04:25:52 - 09:03:21, Seat: 29E","KL 536Y, 14-JUL-25, ACC  to  BCN, 09:22:18 - 16:16:24,Seat: 47E",5544979734034,27JUL,(390)788-36205280 / 806062876314237,BF19718169,03APR2004,24DEC2034,8092380,27JUL,16JUN2029,7,21
DOROTHY BLACK,"KL 255Y, 02-JUL-25, AMS  to  ACC, 08:48:20 - 06:13:55, Seat: 35B","KL 468Y, 03-JUL-25, ACC  to  FRA, 15:09:37 - 04:31:13,Seat: 16F",7283418500848,27JUL,405-841-69751772 / (407)099-2709,SL84753476,09JAN1950,30MAY2032,8510583,27JUL,13JUN2028,1,75
KEVIN ROBERTS,"KL 399Y, 08-JUL-25, AMS  to  ACC, 05:07:40 - 12:15:51, Seat: 48D",nan,2805956601839,27JUL,(810)455-683552062 / 3324833721,ZV26417268,27JAN1964,27AUG2031,6161173,27JUL,22MAY2029,,61
KENNETH WEBER,"KL 640Y, 06-JUL-25, AMS  to  ACC, 07:09:12 - 14:43:14, Seat: 18B","KL 501Y, 03-JUL-25, ACC  to  IAD, 15:32:19 - 19:19:06,Seat: 37F",5360844904558,27JUL,001-116-018-74749398 / +1-683-335-1907,MU05730895,17JUL1978,23APR2031,8869930,27JUL,26SEP2028,3,47
ASHLEY BENNETT,"KL 131Y, 25-JUL-25, AMS  to  ACC, 09:34:36 - 20:19:50, Seat: 18C","KL 989Y, 04-JUL-25, ACC  to  FRA, 21:34:52 - 06:22:09,Seat: 15F",9217256316737,27JUL,(997)316-8644 / 001-060-533-1657,RU45514929,11APR1991,28DEC2034,2081296,27JUL,30DEC2027,21,34
SUMMER DAY,"KL 769Y, 09-JUL-25, AMS  to  ACC, 07:32:49 - 21:11:42, Seat: 43E","KL 800Y, 20-JUL-25, ACC  to  AMS, 10:15:50 - 22:05:01,Seat: 13D",5465329651994,27JUL,001-975-904-67554705 / 3596715441,WJ14985642,30APR1961,05NOV2033,1391524,27JUL,06MAR2030,11,64
AARON ANDERSON,"KL 326Y, 27-JUL-25, AMS  to  ACC, 05:17:04 - 14:01:28, Seat: 7B","KL 378Y, 05-JUL-25, ACC  to  SFO, 22:16:02 - 20:45:56,Seat: 43C",9962324085649,27JUL,304-877-6708 / 700-840-4537,TP68407850,15DEC1965,08OCT2032,8156827,27JUL,29JAN2030,22,59
REBECCA HARRINGTON,"KL 162Y, 16-JUL-25, AMS  to  ACC, 13:15:03 - 15:23:43, Seat: 23A",nan,2777612834363,27JUL,3715635447 / +1-787-333-8140126,DZ75736137,19OCT1985,25OCT2033,8478005,27JUL,08DEC2029,,39
HARRY SIMMONS,"KL 564Y, 05-JUL-25, AMS  to  ACC, 03:15:02 - 02:29:26, Seat: 20D","KL 329Y, 25-JUL-25, ACC  to  YUL, 07:09:28 - 14:43:26,Seat: 13A",8285337248376,27JUL,+1-296-947-38055244 / +1-350-890-0470,AC21677999,09APR1950,18NOV2030,9708138,27JUL,03JAN2027,20,75
CRYSTAL AVILA,"KL 209Y, 23-JUL-25, AMS  to  ACC, 01:44:27 - 12:49:46, Seat: 23D","KL 813Y, 13-JUL-25, ACC  to  DXB, 20:24:15 - 10:04:37,Seat: 7B",1348355160823,27JUL,(501)377-7965600 / 961-158-2032451,ZT24639957,08NOV1996,17JUN2032,7487840,27JUL,08AUG2027,10,28
STACEY MARTINEZ,"KL 228Y, 03-JUL-25, AMS  to  ACC, 00:40:03 - 22:59:43, Seat: 29F","KL 618Y, 19-JUL-25, ACC  to  FRA, 12:52:48 - 04:31:01,Seat: 41A",8016084509653,27JUL,(182)627-384102092 / +1-946-610-3602730,UQ04695518,21AUG1959,13JUL2033,9859393,27JUL,30APR2027,16,65
ROBERT GOODWIN,"KL 532Y, 09-JUL-25, AMS  to  ACC, 16:54:12 - 00:32:04, Seat: 48D","KL 784Y, 24-JUL-25, ACC  to  LOS, 03:46:19 - 12:16:42,Seat: 18F",7237563270317,27JUL,2098099307 / 293-356-584962222,FI23851633,06DEC2004,19JUN2032,1670611,27JUL,15AUG2028,15,20
KATELYN SCHAEFER PHD,"KL 923Y, 15-JUL-25, AMS  to  ACC, 13:54:13 - 21:29:41, Seat: 6C","KL 141Y, 08-JUL-25, ACC  to  MAD, 05:53:57 - 02:26:52,Seat: 31B",8550593846970,27JUL,+1-154-425-1416338 / +1-817-124-0893337,WL08955960,13MAR1999,12DEC2032,4269760,27JUL,31DEC2028,7,26
BRIAN BROWN,"KL 537Y, 26-JUL-25, AMS  to  ACC, 08:52:52 - 08:36:27, Seat: 3B","KL 366Y, 07-JUL-25, ACC  to  SFO, 18:31:23 - 12:17:54,Seat: 35F",5095521844011,27JUL,+1-861-676-452199899 / (287)222-52947620,VM41354776,06SEP1995,16FEB2035,1458245,27JUL,11JAN2028,19,29
RODNEY TUCKER,"KL 978Y, 03-JUL-25, AMS  to  ACC, 17:52:33 - 12:58:27, Seat: 46C","KL 571Y, 16-JUL-25, ACC  to  CDG, 05:25:07 - 10:31:27,Seat: 19E",6364579292263,27JUL,472-225-16624676 / 727-240-02371125,AS37022720,30JUL1999,16JUN2032,6773661,27JUL,17SEP2029,13,26
MRS. JESSICA HARRIS,"KL 406Y, 06-JUL-25, AMS  to  ACC, 01:19:09 - 17:52:58, Seat: 28B","KL 331Y, 08-JUL-25, ACC  to  LHR, 21:57:39 - 00:05:53,Seat: 19B",6563985917024,27JUL,753-258-7726 / 7567173520,AP96769094,24MAY1974,05MAR2032,7653423,27JUL,12APR2029,2,51
MIKE SAWYER,"KL 497Y, 24-JUL-25, AMS  to  ACC, 17:21:37 - 07:46:25, Seat: 46A","KL 231Y, 10-JUL-25, ACC  to  CDG, 12:16:42 - 20:43:16,Seat: 38F",9216743987967,27JUL,9232324398 / +1-377-111-6222,XL63695059,04JUL2007,22JUN2034,9042257,27JUL,23MAY2029,14,18
JANET TORRES,"KL 420Y, 27-JUL-25, AMS  to  ACC, 08:06:38 - 01:55:44, Seat: 17E","KL 775Y, 02-JUL-25, ACC  to  IAD, 23:53:03 - 16:18:42,Seat: 10F",6981964093372,27JUL,1546601906 / (758)984-2765,UK11662858,31DEC1973,07JAN2033,3626853,27JUL,23JAN2027,25,51
DIANE MORGAN,"KL 534Y, 27-JUL-25, AMS  to  ACC, 06:26:26 - 05:23:13, Seat: 40C","KL 931Y, 19-JUL-25, ACC  to  IAD, 19:47:44 - 17:12:43,Seat: 41E",6901949773045,27JUL,027-791-789469848 / (168)610-7292,DF16980785,25MAY1950,07JUN2034,3351324,27JUL,08JUL2030,8,75
FREDERICK GRAY,"KL 951Y, 22-JUL-25, AMS  to  ACC, 07:40:17 - 08:58:52, Seat: 8A","KL 717Y, 04-JUL-25, ACC  to  YYZ, 01:21:18 - 04:33:07,Seat: 20B",7545892982751,27JUL,+1-362-494-831990263 / 9828718411,XY87149930,08OCT1977,28SEP2033,4606665,27JUL,26JUN2027,18,47
ELIZABETH ODOM,"KL 841Y, 15-JUL-25, AMS  to  ACC, 14:24:22 - 04:10:12, Seat: 27B","KL 894Y, 24-JUL-25, ACC  to  SFO, 14:13:24 - 17:28:25,Seat: 28D",9830688266308,27JUL,(949)974-702431700 / (257)690-79180781,RG95773208,13DEC1981,25MAY2034,3998531,27JUL,03DEC2026,9,43
ALEXANDER PETTY,"KL 376Y, 10-JUL-25, AMS  to  ACC, 19:00:18 - 04:19:02, Seat: 29E","KL 446Y, 27-JUL-25, ACC  to  LOS, 17:30:41 - 08:29:04,Seat: 3A",6778183728914,27JUL,001-191-299-3535350 / 0202078108,IC14396699,21JUL1960,06MAR2035,9291789,27JUL,29APR2028,17,65
ROBIN DOUGLAS,"KL 142Y, 01-JUL-25, AMS  to  ACC, 11:45:00 - 11:11:42, Seat: 27D","KL 910Y, 25-JUL-25, ACC  to  LOS, 05:44:46 - 15:41:26,Seat: 34D",7824516192398,27JUL,860-284-76626223 / 6918343625,NE08752477,21MAY1987,04OCT2034,7793511,27JUL,01DEC2027,24,38
TIMOTHY EDWARDS,"KL 116Y, 02-JUL-25, AMS  to  ACC, 12:44:59 - 18:29:25, Seat: 41A",nan,3122525565852,27JUL,001-103-914-2962 / 001-420-109-1646040,XS36965268,03DEC1949,19JAN2033,4294739,27JUL,08MAY2029,,75
NICHOLAS AGUILAR,"KL 800Y, 27-JUL-25, AMS  to  ACC, 04:41:57 - 02:45:07, Seat: 12B",nan,5367324100216,27JUL,93652560401416 / +1-181-882-09170971,BY65602737,13NOV1959,16MAY2031,5059365,27JUL,21SEP2028,,65
AMANDA BLACK,"KL 185Y, 08-JUL-25, AMS  to  ACC, 18:36:27 - 22:50:09, Seat: 37E","KL 175Y, 22-JUL-25, ACC  to  ACC, 22:10:33 - 17:13:46,Seat: 43A",4175138410515,27JUL,615-966-49667032 / +1-551-624-418862521,NO91643428,29NOV1967,27MAR2032,6004142,27JUL,11JAN2027,14,57
CYNTHIA MONTOYA,"KL 563Y, 07-JUL-25, AMS  to  ACC, 15:14:09 - 12:50:05, Seat: 18C","KL 638Y, 07-JUL-25, ACC  to  BCN, 21:04:43 - 05:32:09,Seat: 12B",9675896825191,27JUL,(550)666-7305 / 5355890050,LU59476479,19SEP1980,11JUN2034,2756966,27JUL,20FEB2028,0,44
JENNIFER REILLY,"KL 889Y, 03-JUL-25, AMS  to  ACC, 10:02:52 - 09:01:02, Seat: 8E","KL 714Y, 24-JUL-25, ACC  to  IAD, 22:56:18 - 01:26:51,Seat: 21B",3975179780995,27JUL,001-013-490-25625368 / (021)013-457302221,PD67612411,17FEB1974,17JUN2032,2131838,27JUL,03JAN2030,21,51
MICHAEL PALMER,"KL 800Y, 26-JUL-25, AMS  to  ACC, 22:52:26 - 19:35:12, Seat: 44B","KL 464Y, 17-JUL-25, ACC  to  NBO, 07:29:12 - 03:23:49,Seat: 23B",5334305439299,27JUL,(597)569-7213 / 001-069-288-608920161,YS84390917,23JUN1968,12AUG2033,8999902,27JUL,13JAN2028,9,57
MR. JASON PARKER DDS,"KL 481Y, 27-JUL-25, AMS  to  ACC, 17:45:22 - 20:44:46, Seat: 31B","KL 606Y, 10-JUL-25, ACC  to  YUL, 02:25:18 - 13:00:00,Seat: 17E",4256285854861,27JUL,+1-142-347-983246971 / 331-222-400223809,SJ04464320,01MAR1973,30APR2033,3597185,27JUL,09APR2029,17,52
ROBERT JIMENEZ,"KL 493Y, 23-JUL-25, AMS  to  ACC, 16:19:14 - 03:45:21, Seat: 7F","KL 910Y, 01-JUL-25, ACC  to  DXB, 08:04:50 - 06:38:23,Seat: 28D",5437639264816,27JUL,001-936-847-064109859 / 1619229573828,SJ14274017,17JUL1972,01JUL2035,4340367,27JUL,15AUG2029,22,53
JORDAN GIBSON,"KL 433Y, 09-JUL-25, AMS  to  ACC, 08:49:34 - 19:41:40, Seat: 13B","KL 638Y, 08-JUL-25, ACC  to  LOS, 01:16:09 - 13:17:26,Seat: 46E",4230912986509,27JUL,(825)065-84095442 / (757)318-9445,YC72910739,15JUN1950,07OCT2032,2785316,27JUL,28MAR2027,1,75
RHONDA COBB,"KL 159Y, 24-JUL-25, AMS  to  ACC, 15:57:27 - 21:46:50, Seat: 13F","KL 790Y, 01-JUL-25, ACC  to  FRA, 23:39:28 - 16:08:12,Seat: 10C",7268284462294,27JUL,5698167954612 / 595-217-3803,LL03263231,21JUL1992,04MAR2035,4770946,27JUL,15JUN2027,23,33
JAMES WILSON,"KL 799Y, 21-JUL-25, AMS  to  ACC, 18:17:14 - 06:05:39, Seat: 28A","KL 730Y, 02-JUL-25, ACC  to  JFK, 12:28:43 - 22:16:06,Seat: 41C",1606065111884,27JUL,014-368-825897873 / 634-216-728001217,IV12266782,09OCT1970,30OCT2033,3708984,27JUL,14FEB2030,19,54
JULIA SHERMAN,"KL 927Y, 11-JUL-25, AMS  to  ACC, 11:19:36 - 17:15:02, Seat: 21E","KL 385Y, 17-JUL-25, ACC  to  LOS, 15:39:59 - 03:46:56,Seat: 9F",4965986396964,27JUL,5391929920 / 8552270508,UD60666630,19JUL1993,30JUN2031,4872544,27JUL,22JUL2028,6,32
RICHARD SIMPSON,"KL 360Y, 07-JUL-25, AMS  to  ACC, 16:50:21 - 16:39:21, Seat: 46C","KL 179Y, 23-JUL-25, ACC  to  YYZ, 10:10:19 - 03:06:28,Seat: 22E",5740274071890,27JUL,(163)933-3206 / 6356361351,VA10838197,25DEC1949,04OCT2032,3232226,27JUL,16SEP2029,16,75
JEFFREY HAHN,"KL 864Y, 12-JUL-25, AMS  to  ACC, 19:15:16 - 23:23:46, Seat: 37F","KL 649Y, 10-JUL-25, ACC  to  LOS, 10:45:25 - 08:55:48,Seat: 7A",3844932275417,27JUL,001-000-636-1583 / 1698879278,UH34126206,28JUN1950,02SEP2031,5547780,27JUL,14DEC2029,2,75
AMY MORENO,"KL 419Y, 03-JUL-25, AMS  to  ACC, 13:07:48 - 14:14:59, Seat: 24E","KL 593Y, 09-JUL-25, ACC  to  LOS, 08:51:02 - 06:55:52,Seat: 29A",7703080696208,27JUL,001-597-815-9387 / +1-772-432-460787589,SB37186827,25OCT1996,15JUN2034,5693538,27JUL,29NOV2027,6,28
ANDREA DAVIS,"KL 922Y, 09-JUL-25, AMS  to  ACC, 16:24:16 - 01:17:03, Seat: 23A","KL 267Y, 02-JUL-25, ACC  to  ACC, 15:03:08 - 22:49:52,Seat: 40F",2778008616912,27JUL,+1-780-548-619408450 / +1-859-343-8456221,PA23582774,01NOV1974,12MAY2033,9129531,27JUL,27APR2029,7,50
JOSE HERNANDEZ,"KL 357Y, 16-JUL-25, AMS  to  ACC, 09:27:00 - 16:50:13, Seat: 15F","KL 429Y, 08-JUL-25, ACC  to  YYZ, 08:06:22 - 16:22:43,Seat: 18F",1528938530025,27JUL,563-273-9464687 / +1-591-482-31961937,IH65307813,26APR2003,01FEB2033,3068187,27JUL,28FEB2027,8,22
AARON JONES,"KL 457Y, 27-JUL-25, AMS  to  ACC, 03:21:53 - 14:52:48, Seat: 7E","KL 436Y, 11-JUL-25, ACC  to  YYZ, 19:40:10 - 12:43:40,Seat: 9E",9227227132985,27JUL,(327)803-8352697 / 7360229524168,MB10895570,10JAN1990,16OCT2031,3841312,27JUL,26NOV2027,16,35
ALEJANDRO HENDRICKS,"KL 768Y, 09-JUL-25, AMS  to  ACC, 00:47:19 - 11:06:35, Seat: 16C","KL 577Y, 11-JUL-25, ACC  to  BCN, 11:54:33 - 02:36:17,Seat: 15F",1060175190943,27JUL,230468829589874 / 001-514-394-2197842,TS23511416,31JUL1978,19APR2033,8549598,27JUL,24DEC2027,2,47
NICHOLAS HILL,"KL 466Y, 17-JUL-25, AMS  to  ACC, 23:03:41 - 12:12:22, Seat: 22F","KL 234Y, 17-JUL-25, ACC  to  IAD, 08:01:16 - 23:13:42,Seat: 14F",7747662237515,27JUL,+1-606-376-23775684 / +1-520-360-6345,TM16399443,23JAN1959,15FEB2032,7971919,27JUL,12JUL2028,0,66
MONICA DENNIS DDS,"KL 856Y, 10-JUL-25, AMS  to  ACC, 19:59:05 - 21:43:18, Seat: 8F","KL 446Y, 20-JUL-25, ACC  to  CDG, 10:30:18 - 10:08:38,Seat: 16D",8067116595250,27JUL,001-953-065-50312387 / (913)130-1502,YA94035312,05NOV1970,09APR2031,2040914,27JUL,21AUG2026,10,54
EMILY RODRIGUEZ,"KL 120Y, 20-JUL-25, AMS  to  ACC, 21:33:33 - 14:51:53, Seat: 49A","KL 190Y, 08-JUL-25, ACC  to  JFK, 06:37:33 - 08:39:56,Seat: 27F",7139208085441,27JUL,541-481-0947471 / 001-630-337-66215489,QN65381414,15NOV1983,09APR2031,9927200,27JUL,10SEP2028,12,41
CAROLYN MILLER,"KL 654Y, 16-JUL-25, AMS  to  ACC, 14:26:21 - 09:08:26, Seat: 49E","KL 271Y, 07-JUL-25, ACC  to  DXB, 03:00:01 - 13:00:08,Seat: 15A",3088756065201,27JUL,5675238459 / 3843249253,XG45990412,11FEB1985,12JUL2031,6327217,27JUL,27OCT2027,9,40
HEIDI MALONE,"KL 835Y, 02-JUL-25, AMS  to  ACC, 04:00:17 - 13:22:45, Seat: 46B","KL 667Y, 19-JUL-25, ACC  to  SFO, 09:00:52 - 21:30:22,Seat: 25D",5758269093388,27JUL,001-916-360-99420480 / 28793256598673,JW39897094,31OCT1988,10FEB2033,7875548,27JUL,14JAN2029,17,36
JOSHUA MYERS,"KL 448Y, 20-JUL-25, AMS  to  ACC, 04:36:47 - 21:38:41, Seat: 2D","KL 849Y, 17-JUL-25, ACC  to  AMS, 19:32:25 - 12:45:09,Seat: 31C",6123611203860,27JUL,(126)121-0507 / 028-507-3509,WZ98095898,09MAR1967,23JAN2032,3128260,27JUL,06DEC2026,3,58
LAUREN JOSEPH,"KL 825Y, 18-JUL-25, AMS  to  ACC, 04:28:24 - 22:20:45, Seat: 35C","KL 759Y, 12-JUL-25, ACC  to  NBO, 11:43:34 - 17:13:44,Seat: 42F",8025402762923,27JUL,(006)664-6089 / (337)266-9061,TK95798563,12OCT1966,18DEC2031,5930269,27JUL,19FEB2029,6,58
CARLOS MARTIN,"KL 866Y, 26-JUL-25, AMS  to  ACC, 00:25:29 - 21:32:59, Seat: 47F","KL 412Y, 20-JUL-25, ACC  to  BCN, 12:08:07 - 02:22:13,Seat: 3D",9340439503328,27JUL,9363390469094 / 201-577-9732917,YA79874886,30JUL1992,03JUL2031,6511100,27JUL,24FEB2028,6,33
TONYA HICKMAN,"KL 165Y, 24-JUL-25, AMS  to  ACC, 21:45:23 - 14:34:23, Seat: 39B","KL 331Y, 19-JUL-25, ACC  to  IAD, 10:35:21 - 17:47:19,Seat: 3E",6716895817774,27JUL,+1-460-224-265938833 / 4358039563743,VK84340037,26MAR1999,05MAR2033,4083117,27JUL,03JUN2029,5,26
MARK CAMPBELL,"KL 510Y, 03-JUL-25, AMS  to  ACC, 16:27:52 - 02:54:56, Seat: 44E","KL 560Y, 06-JUL-25, ACC  to  LOS, 21:48:14 - 20:02:21,Seat: 32E",1473533207192,27JUL,9872715917 / (943)348-81076031,MO16496229,16AUG1955,14JUN2032,7064351,27JUL,07JUN2029,3,70
TROY KNOX,"KL 782Y, 22-JUL-25, AMS  to  ACC, 16:52:46 - 15:15:29, Seat: 21A","KL 162Y, 05-JUL-25, ACC  to  DXB, 04:58:51 - 23:06:05,Seat: 23B",8920914912828,27JUL,+1-569-832-6323572 / 3268969023,GU11107053,02NOV1949,10AUG2030,6906322,27JUL,10FEB2030,17,75
JAY BELL,"KL 109Y, 20-JUL-25, AMS  to  ACC, 16:50:28 - 05:40:41, Seat: 37C","KL 263Y, 22-JUL-25, ACC  to  LOS, 02:37:43 - 08:11:17,Seat: 2D",9544375604489,27JUL,+1-084-199-2790 / (473)502-7384,IU09451945,08JUL1957,20OCT2031,8941704,27JUL,26OCT2027,2,68
CHELSEA COX,"KL 859Y, 02-JUL-25, AMS  to  ACC, 02:00:13 - 08:55:01, Seat: 43E","KL 500Y, 22-JUL-25, ACC  to  DXB, 01:55:25 - 12:57:49,Seat: 46A",8160091560678,27JUL,001-253-583-6947 / 390-333-2475992,FZ74761144,10DEC1978,22NOV2034,7196777,27JUL,29JUL2029,20,46
CHERYL WOODS,"KL 759Y, 17-JUL-25, AMS  to  ACC, 21:01:03 - 02:31:45, Seat: 14E","KL 108Y, 17-JUL-25, ACC  to  LOS, 03:39:16 - 08:43:13,Seat: 29C",3949039438070,27JUL,9331728807 / 730-249-7513,MH29848963,29SEP1987,20JUN2032,6170735,27JUL,09MAR2030,0,37
SHAWN THOMAS,"KL 648Y, 01-JUL-25, AMS  to  ACC, 23:26:14 - 07:58:59, Seat: 44A","KL 373Y, 15-JUL-25, ACC  to  CDG, 00:30:28 - 16:04:19,Seat: 42C",6954818155258,27JUL,07406103686394 / (627)404-2278,UZ55079184,12JUN1960,22JAN2034,7617257,27JUL,25JUN2029,14,65
JENNIFER HANEY,"KL 203Y, 03-JUL-25, AMS  to  ACC, 14:40:04 - 11:53:08, Seat: 39D","KL 675Y, 21-JUL-25, ACC  to  LHR, 18:28:46 - 09:12:10,Seat: 10A",1244111659872,27JUL,8003205640 / 142-901-3014,EC10874125,01MAR1956,11JUN2034,3507977,27JUL,30APR2030,18,69
TERRI JOSEPH,"KL 859Y, 21-JUL-25, AMS  to  ACC, 10:10:38 - 05:27:15, Seat: 49C","KL 977Y, 16-JUL-25, ACC  to  DXB, 04:44:49 - 09:49:56,Seat: 18D",2347405645170,27JUL,0771276815 / 5238922949,RR12753485,01MAY1975,20FEB2033,7373898,27JUL,21MAY2028,5,50
KATHRYN BROWN,"KL 891Y, 24-JUL-25, AMS  to  ACC, 11:18:49 - 15:48:20, Seat: 6F","KL 984Y, 02-JUL-25, ACC  to  YUL, 00:10:20 - 09:45:06,Seat: 37D",2722845193235,27JUL,314-615-7294 / (837)376-106241298,NO34102561,27DEC1951,02DEC2033,7612345,27JUL,10JUL2029,22,73
JASMINE PARKER,"KL 357Y, 19-JUL-25, AMS  to  ACC, 02:50:06 - 10:17:05, Seat: 4D","KL 373Y, 10-JUL-25, ACC  to  SFO, 22:00:19 - 13:12:47,Seat: 34A",1818560053481,27JUL,(767)789-4155622 / (452)516-7550,WP62841017,23OCT1949,16NOV2030,2454820,27JUL,13DEC2026,9,75
KATHLEEN RIVAS,"KL 174Y, 16-JUL-25, AMS  to  ACC, 10:30:22 - 03:50:45, Seat: 50E","KL 400Y, 23-JUL-25, ACC  to  YYZ, 13:56:13 - 11:29:16,Seat: 33F",8739219461790,27JUL,667-464-0528 / 0960726345,SI85683779,23SEP1963,18FEB2031,3894331,27JUL,08APR2027,7,61
KATHY HAHN,"KL 933Y, 13-JUL-25, AMS  to  ACC, 07:46:03 - 05:40:36, Seat: 39B","KL 993Y, 18-JUL-25, ACC  to  YYZ, 12:18:10 - 21:23:22,Seat: 37B",6858354285541,27JUL,9361859295 / 3142701383,CD16675526,20OCT1960,11DEC2034,2887596,27JUL,25DEC2027,5,64
JESSICA WASHINGTON,"KL 810Y, 25-JUL-25, AMS  to  ACC, 12:23:22 - 16:34:25, Seat: 37E","KL 469Y, 17-JUL-25, ACC  to  LHR, 15:39:43 - 22:23:20,Seat: 17F",8479723102475,27JUL,990-443-8073 / 110387440566843,SX92300180,09FEB1975,29OCT2031,4595891,27JUL,17MAR2030,8,50
LISA DAUGHERTY,"KL 969Y, 20-JUL-25, AMS  to  ACC, 11:10:58 - 01:49:01, Seat: 13F","KL 457Y, 10-JUL-25, ACC  to  CDG, 13:49:11 - 05:20:56,Seat: 32F",4653138134561,27JUL,+1-224-645-7873004 / 869-267-5674,CE45512157,02AUG1985,04APR2035,4848879,27JUL,07JUL2027,10,40
PATRICK DAVIS,"KL 978Y, 02-JUL-25, AMS  to  ACC, 12:03:16 - 03:32:45, Seat: 16D","KL 531Y, 14-JUL-25, ACC  to  YYZ, 08:51:35 - 00:51:03,Seat: 48B",8420207789518,27JUL,544031984726241 / (672)619-9280,GH44737177,02JUL1981,07AUG2033,6136853,27JUL,16MAY2028,12,44
DOUGLAS JOHNSON,"KL 769Y, 15-JUL-25, AMS  to  ACC, 14:14:52 - 11:26:33, Seat: 15C","KL 491Y, 06-JUL-25, ACC  to  LOS, 15:01:46 - 19:45:52,Seat: 49A",9907772912979,27JUL,+1-439-340-8324802 / 163177781178195,UV70497190,18MAY1970,09JUN2034,8555870,27JUL,20SEP2028,9,55
NATHAN ARNOLD,"KL 173Y, 23-JUL-25, AMS  to  ACC, 06:01:27 - 21:11:22, Seat: 41E","KL 809Y, 17-JUL-25, ACC  to  LHR, 18:59:34 - 03:07:55,Seat: 23C",2403144195356,27JUL,3057119382611 / 830-925-6531,JR76776118,18NOV1962,10DEC2031,9441773,27JUL,08JUN2027,6,62
JUSTIN WHITNEY,"KL 805Y, 02-JUL-25, AMS  to  ACC, 11:26:29 - 12:42:49, Seat: 28D","KL 665Y, 11-JUL-25, ACC  to  YUL, 12:57:41 - 08:04:34,Seat: 18D",8683667105495,27JUL,864-303-1032 / (725)569-0529,RY60785529,08NOV2006,27OCT2032,2772158,27JUL,05APR2029,9,18
SCOTT MORALES,"KL 877Y, 13-JUL-25, AMS  to  ACC, 20:17:38 - 14:38:57, Seat: 18F","KL 731Y, 17-JUL-25, ACC  to  IAD, 11:19:20 - 05:07:09,Seat: 6A",5118498032336,27JUL,847404438025702 / 4223362564,VN46565780,07JUL1952,16JUN2033,4145115,27JUL,24JAN2027,4,73
KELLY BANKS,"KL 867Y, 12-JUL-25, AMS  to  ACC, 08:31:48 - 08:36:49, Seat: 19C","KL 110Y, 01-JUL-25, ACC  to  CDG, 13:37:11 - 13:15:45,Seat: 11C",5248065756505,27JUL,640-958-07959541 / 110321614735039,AT05656962,20MAY2006,26JAN2035,4013451,27JUL,17NOV2028,11,19
CHRISTOPHER WIGGINS,"KL 630Y, 19-JUL-25, AMS  to  ACC, 00:06:47 - 04:16:06, Seat: 47A","KL 878Y, 05-JUL-25, ACC  to  MAD, 20:20:47 - 20:56:46,Seat: 26C",1357944607502,27JUL,204-959-2919 / (563)821-5130,BC21151507,16MAY1984,30MAR2035,8293702,27JUL,25MAY2028,14,41
BRANDI SANDOVAL,"KL 936Y, 24-JUL-25, AMS  to  ACC, 14:11:59 - 01:49:36, Seat: 32A","KL 348Y, 10-JUL-25, ACC  to  CDG, 02:18:11 - 23:35:50,Seat: 13A",9644017712538,27JUL,001-841-442-5390 / 8367419785,QS81328035,12AUG1982,01MAY2035,9725213,27JUL,14JUN2028,14,43
PHILIP HOGAN,"KL 777Y, 13-JUL-25, AMS  to  ACC, 06:52:42 - 23:48:17, Seat: 10A","KL 689Y, 22-JUL-25, ACC  to  SFO, 09:29:11 - 10:40:08,Seat: 7B",9465832117765,27JUL,+1-573-235-599786593 / +1-144-079-6453280,ED05899567,24MAY1956,27NOV2030,6886076,27JUL,11AUG2027,9,69
CRYSTAL LAWRENCE,"KL 922Y, 14-JUL-25, AMS  to  ACC, 04:06:23 - 13:03:13, Seat: 24B","KL 817Y, 27-JUL-25, ACC  to  SFO, 15:14:28 - 02:34:37,Seat: 15B",5805850677424,27JUL,+1-455-877-8233 / (696)683-7715,IZ57545727,02OCT1990,18OCT2034,9494437,27JUL,09MAY2030,13,34
JOHN LEWIS,"KL 678Y, 21-JUL-25, AMS  to  ACC, 07:26:57 - 10:23:57, Seat: 19E","KL 301Y, 20-JUL-25, ACC  to  ACC, 01:35:28 - 12:32:00,Seat: 39D",4060304300273,27JUL,1853964290 / +1-674-543-7211269,WD13275835,15DEC1960,13APR2031,8769670,27JUL,22MAR2029,1,64
TIMOTHY PAUL,"KL 337Y, 16-JUL-25, AMS  to  ACC, 22:30:10 - 19:46:31, Seat: 11B","KL 908Y, 14-JUL-25, ACC  to  FRA, 01:18:53 - 13:31:05,Seat: 16C",6521214833375,27JUL,001-650-765-001463837 / 161-409-76668786,EX85981365,20MAR1960,19JUN2034,9128971,27JUL,01AUG2029,2,65
CHRISTINA HART,"KL 736Y, 17-JUL-25, AMS  to  ACC, 23:48:15 - 16:18:28, Seat: 3D","KL 504Y, 05-JUL-25, ACC  to  FRA, 05:19:07 - 12:21:59,Seat: 46A",9729180096837,27JUL,5836102917 / 745-004-9821,IH81806823,19APR1970,16MAR2033,8784093,27JUL,31MAR2029,12,55
WILLIAM HILL,"KL 490Y, 27-JUL-25, AMS  to  ACC, 02:31:18 - 09:51:53, Seat: 11A","KL 965Y, 26-JUL-25, ACC  to  ACC, 15:34:02 - 13:30:02,Seat: 35C",4321545988244,27JUL,614-769-181532117 / 999-686-183474307,TF28487292,13FEB1978,18FEB2035,9157032,27JUL,20FEB2028,1,47
SHARON JOHNSON,"KL 543Y, 19-JUL-25, AMS  to  ACC, 02:41:11 - 21:14:55, Seat: 41E","KL 386Y, 15-JUL-25, ACC  to  DXB, 14:01:50 - 06:57:00,Seat: 19C",1984140753334,27JUL,5462467461595 / 5906987303,YC77260906,21FEB1955,06MAY2034,6349679,27JUL,12SEP2026,4,70
MARGARET DOUGHERTY,"KL 316Y, 23-JUL-25, AMS  to  ACC, 04:16:48 - 10:37:23, Seat: 7E","KL 515Y, 21-JUL-25, ACC  to  MAD, 04:57:31 - 03:01:39,Seat: 3D",5086808664442,27JUL,+1-173-256-632885931 / (407)386-18365044,RL41546653,30MAY1962,29DEC2033,7247371,27JUL,24NOV2028,2,63
HENRY WATKINS,"KL 866Y, 13-JUL-25, AMS  to  ACC, 06:39:10 - 16:37:40, Seat: 22E","KL 216Y, 20-JUL-25, ACC  to  LHR, 21:40:26 - 07:33:19,Seat: 46A",1371662782976,27JUL,4402181598 / (721)537-37572122,FF53627137,17JUL1975,26SEP2031,9407005,27JUL,19MAR2029,7,50
RENEE FRANCIS,"KL 558Y, 11-JUL-25, AMS  to  ACC, 00:43:17 - 19:04:33, Seat: 44E","KL 132Y, 21-JUL-25, ACC  to  DXB, 16:36:22 - 20:58:45,Seat: 29A",7013800815404,27JUL,001-886-009-8523 / 751-824-6116,ES41676955,20MAY1957,28APR2035,7132862,27JUL,27MAR2028,10,68
KATELYN GARCIA,"KL 157Y, 08-JUL-25, AMS  to  ACC, 20:46:28 - 02:33:59, Seat: 21D","KL 346Y, 07-JUL-25, ACC  to  AMS, 01:40:24 - 22:54:37,Seat: 10E",6130279730643,27JUL,2413685515 / 6134893985,RA92287453,06DEC2000,01OCT2034,3683496,27JUL,25NOV2026,1,24
JACOB TERRY,"KL 976Y, 27-JUL-25, AMS  to  ACC, 02:02:35 - 08:15:01, Seat: 29F","KL 799Y, 19-JUL-25, ACC  to  AMS, 23:30:24 - 12:42:37,Seat: 50E",3547077899695,27JUL,7277285532 / (511)572-6750,YC41337918,31MAR1988,06FEB2032,9749853,27JUL,30OCT2029,8,37
ANITA MORRIS,"KL 723Y, 16-JUL-25, AMS  to  ACC, 12:35:44 - 14:35:20, Seat: 44A","KL 239Y, 18-JUL-25, ACC  to  DXB, 09:15:15 - 20:00:41,Seat: 21C",3119655582440,27JUL,+1-603-894-3802074 / +1-307-485-8987,LL63141801,24MAY1980,14SEP2032,7502160,27JUL,10MAY2027,2,45
THOMAS ALLEN,"KL 449Y, 23-JUL-25, AMS  to  ACC, 06:59:23 - 18:02:41, Seat: 4F","KL 926Y, 20-JUL-25, ACC  to  SFO, 17:21:59 - 13:56:26,Seat: 48F",7318958264437,27JUL,7977093529574 / 4516463815,PP95586501,03FEB1987,09APR2031,1670496,27JUL,12JUL2028,3,38
ISAAC HALL,"KL 261Y, 16-JUL-25, AMS  to  ACC, 12:46:30 - 00:35:45, Seat: 27F","KL 517Y, 15-JUL-25, ACC  to  BCN, 01:01:56 - 17:26:41,Seat: 44E",5259939457945,27JUL,1248439191 / +1-638-880-6840,ZF74060356,26AUG1965,14DEC2034,5848670,27JUL,10JUN2028,1,59
CALVIN ANDERSON,"KL 800Y, 01-JUL-25, AMS  to  ACC, 02:20:20 - 06:43:18, Seat: 9A","KL 782Y, 01-JUL-25, ACC  to  BCN, 08:46:54 - 13:10:49,Seat: 26D",5164283729949,27JUL,448-951-8023906 / 318595945817853,WR95750301,02APR1995,30JUN2031,5801426,27JUL,15OCT2027,0,30
NEIL WOOD,"KL 688Y, 11-JUL-25, AMS  to  ACC, 05:03:14 - 13:46:07, Seat: 38D","KL 372Y, 22-JUL-25, ACC  to  SFO, 19:41:00 - 19:28:18,Seat: 35D",6756895095211,27JUL,(753)718-38481533 / 384-152-5564,FE17421536,23OCT1966,09OCT2033,7583412,27JUL,17MAY2030,11,58
MARCUS FREEMAN,"KL 609Y, 02-JUL-25, AMS  to  ACC, 06:44:58 - 16:21:08, Seat: 42D","KL 497Y, 24-JUL-25, ACC  to  LHR, 12:49:37 - 14:17:41,Seat: 38B",6237003802911,27JUL,+1-419-074-648279015 / 9800609819659,WT05834901,17MAY1976,07FEB2035,1882952,27JUL,10JAN2029,22,49
ELIZABETH ANDERSON,"KL 564Y, 14-JUL-25, AMS  to  ACC, 15:08:16 - 23:18:17, Seat: 33C","KL 203Y, 25-JUL-25, ACC  to  NBO, 03:22:30 - 19:10:27,Seat: 20F",9590259405799,27JUL,7476855623 / +1-082-234-15680699,RL28172167,25JUL1959,09JUL2034,2896737,27JUL,21NOV2026,11,66
DAVID SHAFFER,"KL 491Y, 01-JUL-25, AMS  to  ACC, 01:49:59 - 13:11:14, Seat: 50A","KL 174Y, 05-JUL-25, ACC  to  JFK, 21:29:04 - 22:52:32,Seat: 5D",6474206834961,27JUL,+1-237-057-62399479 / +1-816-782-3435479,PB32729026,28SEP1966,13MAR2032,3261835,27JUL,07APR2029,4,58
MARY TORRES,"KL 686Y, 17-JUL-25, AMS  to  ACC, 19:56:48 - 00:37:47, Seat: 47A","KL 828Y, 10-JUL-25, ACC  to  IAD, 03:14:00 - 15:58:48,Seat: 47C",3729409166029,27JUL,+1-128-734-6416985 / (972)082-8067,HF24786773,16DEC1970,10JAN2033,2963413,27JUL,12APR2027,7,54
DAVID TAYLOR,"KL 361Y, 01-JUL-25, AMS  to  ACC, 22:34:03 - 00:45:53, Seat: 46D","KL 774Y, 21-JUL-25, ACC  to  LHR, 07:37:49 - 21:16:15,Seat: 45D",3944573309085,27JUL,001-859-228-85554292 / 220-891-4625,IK73407513,04AUG1970,15AUG2032,2554256,27JUL,29SEP2026,20,55
